368;Nelore;FE;01/01/2012;Faz Santa Helena;;;;
409;Nelore;FE;01/01/2013;Faz Santa Helena;;;;
449;Nelore;FE;01/01/2013;Faz Santa Helena;;;;
566;Nelore;FE;01/01/2014;Faz. Casa Blanca;;;;
575;Mestica;FE;01/01/2014;Faz Pedra Bonita;;;;
637;Nelore;FE;01/01/2014;Faz Santa Helena;;;;
652;Nelore;FE;01/01/2014;Faz Pedra Bonita;Absorcao 30/06/2019;;;
653;Mestica;FE;01/01/2014;Faz Pedra Bonita;;;;
662;Nelore;FE;01/01/2015;Faz. Casa Blanca;;;;
676;Nelore;FE;01/01/2015;Faz. Casa Blanca;;;;
679;Nelore;FE;01/01/2015;Faz. Casa Blanca;;;;
695;Nelore;FE;01/01/2015;Faz. Casa Blanca;;;;
776;Nelore;FE;01/01/2015;Faz Pedra Bonita;;;;
789;Mestica;FE;01/01/2014;Faz Pedra Bonita;;;;
795;Nelore;FE;21/05/2016;Faz. Casa Blanca;;;;
806;Nelore;FE;12/07/2016;Faz Pedra Bonita;;;;
807;Nelore;FE;18/06/2016;Faz Pedra Bonita;;;;
820;Leiteira;FE;01/01/2014;Faz. Casa Blanca;01/05/2021 Descarte;;;
821;Leiteira;FE;01/01/2014;Faz. Casa Blanca;Absorcao 01/01/2021;;;
1031;Nelore;FE;01/01/2014;Faz. Casa Blanca;;;;
1060;Nelore;FE;01/01/2013;Faz Pedra Bonita;Absorcao 30/06/2019;;;
1066;Nelore;FE;01/01/2013;Faz Santa Helena;;;;
1080;Nelore;FE;01/01/2014;Faz. Casa Blanca;;;;
1092;Nelore;FE;01/01/2013;Faz. Casa Blanca;;;;
1102;Nelore;FE;01/01/2013;Faz Santa Helena;;;;
1107;Nelore;FE;01/01/2013;Faz Santa Helena;;;;
1108;Nelore;FE;01/01/2013;Faz Santa Helena;;;;
1112;Nelore;FE;01/01/2013;Faz Santa Helena;;;;
1138;Nelore;FE;01/01/2013;Faz Santa Helena;;;;
1139;Nelore;FE;01/01/2013;Faz Santa Helena;;;;
2053;Nelore;FE;20/09/2016;Faz Pedra Bonita;;JAGUARI;SE0014;
2094;Nelore;FE;27/09/2016;Faz. Casa Blanca;;;;
2097;Senepol;FE;27/09/2016;Faz Pedra Bonita;;;;
2098;Nelore;FE;29/09/2016;Faz Pedra Bonita;;JAGUARI;SE0014;
2125;Nelore;FE;12/10/2016;Faz. Casa Blanca;;;;
2136;Nelore;FE;16/10/2016;Faz. Casa Blanca;;;;
2159;Nelore;FE;20/10/2016;Faz Pedra Bonita;;;;
2162;Nelore;FE;21/10/2016;Faz. Casa Blanca;;;;
2167;Nelore;FE;22/10/2016;Faz. Casa Blanca;;;;
2177;Nelore;FE;24/10/2016;Faz Pedra Bonita;Absorcao 30/06/2019;;;
2180;Nelore;FE;25/10/2016;Faz Pedra Bonita;Criou bezerro morto 22/09/2019;;;
2199;Nelore;FE;10/11/2016;Faz Pedra Bonita;;JAGUARI;SE0014;
2208;Senepol;FE;27/08/2016;Faz Pedra Bonita;;;;
2209;Red;FE;30/08/2016;Faz. Casa Blanca;;;;
2260;Nelore;FE;18/11/2016;Faz Pedra Bonita;;;;
2262;Nelore;FE;22/11/2016;Faz Pedra Bonita;;JAGUARI;SE0014;
2279;Nelore;FE;10/12/2016;Faz Pedra Bonita;;;;
2286;Nelore;FE;15/12/2016;Faz. Casa Blanca;;JAGUARI;SE0014;
2296;Nelore;FE;30/12/2016;Faz Pedra Bonita;;JAGUARI;SE0014;
2301;Red;FE;04/01/2017;Faz Pedra Bonita;;;;
2322;Nelore;FE;24/01/2017;Faz Pedra Bonita;31-08-20  colocou utero para fora - Nao abortou;;;
2323;Nelore;FE;26/01/2017;Faz Pedra Bonita;Absorcao 12/01/2021;;;
2325;Nelore;FE;26/01/2017;Faz Pedra Bonita;Absorcao 30/06/2019;;;
2412;Nelore;FE;17/11/2016;Faz. Casa Blanca;;;;
2430;Nelore;FE;04/12/2016;Faz Pedra Bonita;;JAGUARI;SE0014;
2436;Nelore;FE;04/12/2016;Faz Pedra Bonita;;JAGUARI;SE0014;
2439;Nelore;FE;04/12/2016;Faz Pedra Bonita;;JAGUARI;SE0014;
2444;Nelore;FE;07/12/2016;Faz. Casa Blanca;;JAGUARI;SE0014;
2458;Nelore;FE;12/12/2016;Faz Pedra Bonita;Absorcao 30/06/2019;;;
2466;Nelore;FE;27/12/2016;Faz Pedra Bonita;;;;
2469;Nelore;FE;27/12/2016;Faz Pedra Bonita;;JAGUARI;SE0014;
2475;Nelore;FE;23/12/2016;Faz. Casa Blanca;;;;
2503;Nelore;FE;24/01/2017;Faz Pedra Bonita;01/12/2020 Absorcao;;;
C00019;Nelore;FE;01/01/2013;Faz Santa Helena;;;;
C00087;Leiteira;FE;01/01/2013;Faz. Casa Blanca;;;;
266;Nelore;FE;01/01/2012;Faz Santa Helena;Criou bezerro morto 15/09/2019;;;
327;Nelore;FE;01/01/2012;Faz Pedra Bonita;;;;
445;Nelore;FE;01/01/2013;Faz Santa Helena;;;;
509;Tabanel;FE;01/01/2013;Faz Santa Helena;Absorcao 19/06/2019;;;
541;Nelore;FE;01/01/2013;Faz Pedra Bonita;Absorcao 30/06/2019;;;
543;Nelore;FE;01/01/2013;Faz Pedra Bonita;;;;
547;Nelore;FE;01/01/2013;Faz Pedra Bonita;;;;
560;Nelore;FE;01/01/2007;Faz Pedra Bonita;;;;
563;Nelore;FE;01/01/2014;Faz Pedra Bonita;;;;
569;Nelore;FE;01/01/2014;Faz Pedra Bonita;;;;
632;Nelore;FE;01/01/2014;Faz Pedra Bonita;;;;
667;Nelore;FE;01/01/2015;Faz Pedra Bonita;;;;
699;Angus;FE;01/01/2015;Faz Pedra Bonita;;;;
1015;Nelore;FE;01/01/2013;Faz Pedra Bonita;;;;
1019;Nelore;FE;01/01/2014;Faz Santa Helena;Abortou 02/09/2020;;;
1021;Nelore;FE;01/01/2013;Faz Pedra Bonita;Criou Bezerro Bom;;;
2020;Nelore;FE;05/09/2016;Faz Pedra Bonita;;;;
2039;Nelore;FE;15/09/2016;Faz Pedra Bonita;Absorcao 30/06/2019;;;
2040;Red;FE;15/09/2016;Faz Pedra Bonita;;;;
2046;Red;FE;17/09/2016;Faz Pedra Bonita;;;;
2074;Nelore;FE;24/09/2016;Faz Pedra Bonita;;;;
2077;Nelore;FE;24/09/2016;Faz Pedra Bonita;;;;
2099;Nelore;FE;29/09/2016;Faz Pedra Bonita;;;;
2108;Nelore;FE;03/10/2016;Faz Pedra Bonita;;;;
2124;Nelore;FE;12/10/2016;Faz Pedra Bonita;01/01/2021 Absorcao;;;
2211;Nelore;FE;02/09/2016;Faz Pedra Bonita;;;;
2215;Senepol;FE;20/09/2016;Faz Pedra Bonita;Absorcao 30/06/2019;;;
2242;Nelore;FE;24/10/2016;Faz Pedra Bonita;Aborto 30/06/2019;;;
2247;Nelore;FE;29/10/2016;Faz Pedra Bonita;;;;
2252;Nelore;FE;01/11/2016;Faz Pedra Bonita;;;;
2257;Nelore;FE;15/11/2016;Faz Pedra Bonita;;;;
2263;Nelore;FE;28/11/2016;Faz Pedra Bonita;;;;
2291;Senepol;FE;22/12/2016;Faz Pedra Bonita;Absorcao 30/06/2019;;;
2400;Red;FE;10/01/2017;Faz Pedra Bonita;;;;
2427;Nelore;FE;04/12/2016;Faz Pedra Bonita;;;;
2437;Nelore;FE;04/12/2016;Faz Pedra Bonita;;;;
A03525;Nelore;FE;01/01/2015;Faz Pedra Bonita;;;;
A03540;Nelore;FE;01/01/2015;Faz Pedra Bonita;;;;
A09858;Nelore;FE;01/01/2015;Faz Pedra Bonita;;;;
A00509;Tabanel;FE;01/01/2007;Faz Santa Helena;;;;
A00613;Nelore;FE;01/10/2014;Faz Pedra Bonita;;;;
A00733;Tabanel;FE;01/01/2010;Faz Pedra Bonita;;;;
A02937;Nelore;FE;01/01/2015;Faz Pedra Bonita;;;;
A02952;Nelore;FE;01/01/2015;Faz Pedra Bonita;;;;
A05454;Nelore;FE;01/01/2015;Faz Santa Helena;Descarte;;;
A06218;Nelore;FE;01/01/2015;Faz Pedra Bonita;;;;
A09843;Nelore;FE;01/01/2015;Faz Pedra Bonita;Absorcao 30/06/2019;;;
C00054;Nelore;FE;01/01/2010;Faz Pedra Bonita;;;;
C00074;Tabanel;FE;01/01/2010;Faz Pedra Bonita;;;;
C00107;Nelore;FE;01/01/2011;Faz Pedra Bonita;;;;
P00061;Tabanel;FE;01/01/2010;Faz Pedra Bonita;;;;
P00109;Tabanel;FE;01/01/2010;Faz Pedra Bonita;;;;
P00137;Nelore;FE;01/01/2010;Faz Pedra Bonita;;;;
422;Red;FE;10/01/2017;Faz Pedra Bonita;Abortou 14/07/2020;;;
660;Nelore;FE;10/01/2017;Faz Pedra Bonita;;;;
AA0732;Nelore;FE;10/01/2017;Faz Pedra Bonita;;;;
744;Senepol;FE;10/01/2017;Faz Santa Helena;;;;
3401;Angus;FE;04/08/2017;Faz Pedra Bonita;;WOLF;SE0005;1128
3413;Nelore;FE;15/08/2017;Faz. Casa Blanca;Aborto 08/10/2020;ASTRO TUL;SE0001;368
3414;Senepol;FE;17/08/2017;Faz Santa Helena;;MEHUM;SE0004;540
3427;Senepol;FE;01/09/2017;Faz Pedra Bonita;Absorcao 30/06/2019;MEHUM;SE0004;639
3430;Angus;FE;04/09/2017;Faz Pedra Bonita;Aborto 09/11/2020;WOLF;SE0005;1118
3434;Nelore;FE;15/09/2017;Faz Pedra Bonita;;LITIO AJ;SE0003;1052
3442;Senepol;FE;22/09/2017;Faz Pedra Bonita;Abortou 14/12/20;MEHUM;SE0004;1035
3446;Nelore;FE;23/09/2017;Faz Pedra Bonita;;ASTRO TUL;SE0001;469
3447;Nelore;FE;23/09/2017;Faz. Casa Blanca;;ASTRO TUL;SE0001;469
3455;Angus;FE;04/10/2017;Faz. Casa Blanca;;WOLF;SE0005;1092
3470;Nelore;FE;28/10/2017;Faz Pedra Bonita;Absorcao 30/06/2019;LITIO AJ;SE0003;1107
1030;Nelore;FE;18/01/2013;Faz Santa Helena;;;;
1109;Nelore;FE;18/01/2013;Faz Pedra Bonita;;;;
3453;Nelore;FE;03/10/2017;Faz. Casa Blanca;09/07/2022 Reinaldo informou suspeita de aborto, suja de sangue.;ASTRO TUL;SE0001;1030
3402;Angus;FE;05/08/2017;Faz. Casa Blanca;;WOLF;SE0005;1047
3403;Angus;FE;06/08/2017;Faz. Casa Blanca;;WOLF;SE0005;1105
3404;Angus;FE;08/08/2017;Faz. Casa Blanca;;WOLF;SE0005;1057
3476;Angus;FE;31/10/2017;Faz Pedra Bonita;;WOLF;SE0005;441
3489;Nelore;FE;14/11/2017;Faz Pedra Bonita;;LITIO AJ;SE0003;630
3503;Nelore;FE;04/12/2017;Faz Pedra Bonita;;LITIO AJ;SE0003;470
3505;Nelore;FE;05/12/2017;Faz. Casa Blanca;;;;606
3507;Nelore;FE;09/12/2017;Faz Pedra Bonita;;CHUMBO AJ;SE0002;454
3514;Nelore;FE;16/12/2017;Faz Pedra Bonita;;LITIO AJ;SE0003;1028
3013;Nelore;FE;11/08/2017;Faz Pedra Bonita;;ASTRO TUL;SE0001;A00567
3018;Nelore;FE;14/08/2017;Faz Pedra Bonita;;LITIO AJ;SE0003;261
3022;Nelore;FE;17/08/2017;Faz Pedra Bonita;;LITIO AJ;SE0003;247
3030;Angus;FE;24/08/2017;Faz Pedra Bonita;;WOLF;SE0005;1023
3044;Nelore;FE;29/08/2017;Faz Pedra Bonita;;GANGES COL;SE0015;C00056
3046;Angus;FE;30/08/2017;Faz Pedra Bonita;;WOLF;SE0005;539
3048;Angus;FE;31/08/2017;Faz Pedra Bonita;Animal sem tatuagem?;WOLF;SE0005;543
3056;Mestica;FE;04/09/2017;Faz Pedra Bonita;;MEHUM;SE0004;699
3061;Nelore;FE;05/09/2017;Faz Pedra Bonita;;CHUMBO AJ;SE0002;A00599
3062;Nelore;FE;05/09/2017;Faz Pedra Bonita;Absorcao 12/01/2021;ORFF AJ;SE0017;509
3075;Nelore;FE;09/09/2017;Faz Pedra Bonita;01/11/21 esta criando bezerro 7285 filho da vaca 4277;LITIO AJ;SE0003;610
3077;Nelore;FE;09/09/2017;Faz Pedra Bonita;;LITIO AJ;SE0003;104
3098;Angus;FE;17/09/2017;Faz Pedra Bonita;;WOLF;SE0005;380
3099;Senepol;FE;17/09/2017;Faz Santa Helena;;MEHUM;SE0004;230
3103;Nelore;FE;17/09/2017;Faz Pedra Bonita;;LITIO AJ;SE0003;604
3104;Nelore;FE;17/09/2017;Faz Pedra Bonita;;GANGES COL;SE0015;324
3105;Angus;FE;17/09/2017;Faz Pedra Bonita;Criou bezerro morto 03/08/2020;WOLF;SE0005;1055
3111;Angus;FE;21/09/2017;Faz Pedra Bonita;Aborto 01/11/2021;WOLF;SE0005;1027
3113;Nelore;FE;12/09/2017;Faz Pedra Bonita;28/11/2021 Aborto;GANGES COL;SE0015;594
3127;Nelore;FE;25/09/2017;Faz Pedra Bonita;;ORFF AJ;SE0017;C00047
3128;Nelore;FE;25/09/2017;Faz Pedra Bonita;;;;1019
3129;Nelore;FE;25/09/2017;Faz Pedra Bonita;;GANGES COL;SE0015;1032
3148;Nelore;FE;01/10/2017;Faz. Casa Blanca;Absorcao 30/06/2019;LITIO AJ;SE0003;553
3174;Nelore;FE;16/10/2017;Faz Pedra Bonita;;LITIO AJ;SE0003;264
3176;Angus;FE;16/10/2017;Faz Pedra Bonita;;WOLF;SE0005;316
3179;Nelore;FE;18/10/2017;Faz Pedra Bonita;;;;549
3192;Nelore;FE;26/10/2017;Faz Pedra Bonita;;CHUMBO AJ;SE0002;A00636
3203;Nelore;FE;31/10/2017;Faz Pedra Bonita;;LITIO AJ;SE0003;1009
3223;Nelore;FE;10/11/2017;Faz Pedra Bonita;;CHUMBO AJ;SE0002;275
3228;Nelore;FE;11/11/2017;Faz Pedra Bonita;;CHUMBO AJ;SE0002;624
3229;Nelore;FE;11/11/2017;Faz Pedra Bonita;;ORFF AJ;SE0017;P00137
3234;Nelore;FE;13/11/2017;Faz Pedra Bonita;;LITIO AJ;SE0003;P00155
3236;Nelore;FE;14/11/2017;Faz Pedra Bonita;Abortou 19/07/2020;ASTRO TUL;SE0001;A00211
3240;Nelore;FE;16/11/2017;Faz Pedra Bonita;;ASTRO TUL;SE0001;327
3245;Nelore;FE;20/11/2017;Faz Pedra Bonita;;;;377
3253;Nelore;FE;22/11/2017;Faz Pedra Bonita;;ASTRO TUL;SE0001;C00059
3270;Nelore;FE;03/12/2017;Faz Pedra Bonita;;GANGES COL;SE0015;1015
3272;Nelore;FE;06/12/2017;Faz Pedra Bonita;;LITIO AJ;SE0003;1008
3276;Nelore;FE;10/12/2017;Faz Pedra Bonita;;;;1010
3217;Nelore;FE;06/11/2017;Faz Pedra Bonita;;GANGES COL;SE0015;614
3220;Nelore;FE;07/11/2017;Faz Pedra Bonita;;ASTRO TUL;SE0001;A00243
3278;Nelore;FE;13/12/2017;Faz Pedra Bonita;;LITIO AJ;SE0003;A00644
3824;Mestica;FE;08/11/2017;Faz. Casa Blanca;;;;422
3825;Mestica;FE;08/11/2017;Faz Pedra Bonita;Absorcao 16/11/2020;;;A00744
3829;Mestica;FE;15/11/2017;Faz. Casa Blanca;;;;418
3843;Mestica;FE;30/11/2017;Faz Pedra Bonita;;;;756
3801;Mestica;FE;03/09/2017;Faz. Casa Blanca;Animal com 2 marcacao de num 3811 e 3801 (correto = 3801);;;1711
3808;Nelore;FE;03/10/2017;Faz. Casa Blanca;;;;242
3809;Mestica;FE;03/10/2017;Faz. Casa Blanca;;;;244
3813;Mestica;FE;10/10/2017;Faz Pedra Bonita;;;;435
3817;Mestica;FE;12/10/2017;Faz. Casa Blanca;;;;383
3844;Nelore;FE;06/12/2017;Faz. Casa Blanca;;;;458
3848;Nelore;FE;12/12/2017;Faz Pedra Bonita;;;;A07050
3849;Nelore;FE;12/12/2017;Faz Pedra Bonita;;;;C00044
720;Mestica;FE;01/01/2016;Faz Pedra Bonita;;;;
803;Nelore;FE;01/01/2016;Faz. Casa Blanca;;;;
1091;Nelore;FE;01/01/2015;Faz Pedra Bonita;Absorcao 30/06/2019;;;
A09874;Nelore;FE;01/01/2016;Faz Pedra Bonita;;;;
823;Leiteira;FE;01/01/2014;Faz. Casa Blanca;;;;
2416;Mestica;FE;01/01/2017;Faz Pedra Bonita;;;;
2486;Senepol;FE;10/01/2017;Faz Pedra Bonita;;;;
3125;Nelore;FE;25/09/2017;Faz Pedra Bonita;PrevisaoParto25/11/2019 Nao Nasceu.Diag.Confirmacao CH 06/05/2020;;;A00220
3274;Nelore;FE;07/12/2017;Faz Pedra Bonita;;;;613
3165;Angus;FE;10/10/2017;Faz Pedra Bonita;;;;1002
3155;Nelore;FE;04/10/2017;Faz Pedra Bonita;;;;C00004
2550;Mestica;FE;03/05/2017;Faz Pedra Bonita;;;;P00003
2274;Nelore;FE;04/12/2016;Faz Pedra Bonita;;;;1040
2313;Nelore;FE;14/01/2017;Faz Pedra Bonita;;;;1084
2187;Nelore;FE;26/10/2017;Faz Pedra Bonita;;;;524
1207;Mestico;FE;29/06/2014;Faz Pedra Bonita;;;;
1209;Mestica;FE;29/06/2016;Faz. Casa Blanca;;;;
1221;Mestica;FE;15/07/2016;Faz Pedra Bonita;;;;
1222;Mestica;FE;15/07/2014;Faz Pedra Bonita;;;;
1223;Mestica;FE;15/07/2016;Faz Pedra Bonita;;;;
4600;Mestica;FE;18/06/2018;Faz Pedra Bonita;Antigo 1247 nao fez nascimento na fazenda;;;1244
4202;Nelore;FE;08/08/2018;Faz Pedra Bonita;01/11/2021 esta criando o bezerro 7295 (filho da 377);;;A00629
4204;Nelore;FE;22/08/2018;Faz Pedra Bonita;;METEORO;SE0018;391
4208;Nelore;FE;24/08/2018;Faz Pedra Bonita;;PAINT PHANTON;SE0016;AC0015
4209;Nelore;FE;24/08/2018;Faz Pedra Bonita;;PAINT PHANTON;SE0016;580
4003;Angus;FE;19/08/2018;Faz. Casa Blanca;;WOLF;SE0005;1105
4211;Nelore;FE;27/08/2018;Faz Pedra Bonita;;GLUTaO;SE0020;577
4220;Nelore;FE;30/08/2018;Faz Pedra Bonita;;PAINT PHANTON;SE0016;608
4224;Nelore;FE;01/09/2018;Faz. Casa Blanca;Absorcao 08/01/2021;PAINT PHANTON;SE0016;C00101
4227;Nelore;FE;02/09/2018;Faz. Casa Blanca;;PAINT PHANTON;SE0016;C00056
4229;Nelore;FE;03/09/2018;Faz Pedra Bonita;;GLUTaO;SE0020;C00058
4217;Nelore;FE;30/08/2018;Faz Pedra Bonita;;PERSEU HER;SE0021;P00093
4013;Senepol;FE;28/08/2018;Faz. Casa Blanca;;MEHUM;SE0004;607
4017;Senepol;FE;29/08/2018;Faz. Casa Blanca;Desmama SH 16/04/2019 - Transf. SH - PB 22/07/2019;MEHUM;SE0004;653
4021;Senepol;FE;30/08/2018;Faz. Casa Blanca;;MEHUM;SE0004;769
4029;Nelore;FE;02/09/2018;Faz. Casa Blanca;28/11/2020 Criou 3 bezerros Mortos - 20/07/22 Reinaldo informou suspeita de aborto, suja de sangue.;CHUMBO AJ;SE0002;469
4039;Nelore;FE;05/09/2018;Faz. Casa Blanca;;PAINT PHANTON;SE0016;P00525
4040;Nelore;FE;06/09/2018;Faz. Casa Blanca;Absorcao 08/01/2021;GLUTaO;SE0020;1048
4042;Nelore;MA;06/09/2018;Faz Pedra Bonita;;LITIO AJ;SE0003;637
1253;Mestica;FE;01/01/2016;Faz. Casa Blanca;;;;
1255;Nelore;FE;01/01/2016;Faz Pedra Bonita;;;;
1256;Nelore;FE;01/01/2016;Faz Pedra Bonita;Abortou 20/08/2020 - Brava;;;
1258;Nelore;FE;01/01/2016;Faz Pedra Bonita;Absorcao 12/01/2021;;;
1259;Nelore;FE;01/01/2015;Faz. Casa Blanca;;;;
1261;Nelore;FE;01/01/2013;Faz Santa Helena;;;;
1263;Nelore;FE;01/01/2016;Faz Pedra Bonita;;;;
1269;Nelore;FE;01/01/2016;Faz. Casa Blanca;;;;
1275;Guzera;FE;01/01/2016;Faz Pedra Bonita;;;;
1276;Nelore;FE;01/01/2013;Faz. Casa Blanca;;;;
1280;Nelore;FE;01/01/2016;Faz Pedra Bonita;Absorcao 30/06/2019;;;
1290;Nelore;FE;01/01/2016;Faz. Casa Blanca;;;;
1291;Mestica;FE;01/01/2016;Faz Pedra Bonita;;;;
1293;Guzera;FE;01/01/2013;Faz Pedra Bonita;;;;
1294;Guzera;FE;01/01/2013;Faz Pedra Bonita;;;;
1295;Guzera;FE;01/01/2013;Faz Pedra Bonita;Absorcao 30/06/2019;;;
1296;Nelore;FE;01/01/2013;Faz Santa Helena;;;;
1304;Guzera;FE;01/01/2013;Faz Pedra Bonita;;;;
1305;Guzera;FE;01/01/2013;Faz Pedra Bonita;Criou Bezerro Bom;;;
1316;Nelore;FE;01/01/2016;Faz Pedra Bonita;;;;
1318;Guzera;FE;01/01/2016;Faz Pedra Bonita;;;;
1319;Nelore;FE;01/01/2016;Faz Pedra Bonita;;;;
1320;Nelore;FE;01/01/2016;Faz Pedra Bonita;Absorcao 30/06/2019;;;
1321;Nelore;FE;01/01/2016;Faz Pedra Bonita;;;;
1324;Nelore;FE;01/01/2016;Faz Pedra Bonita;;;;
1325;Nelore;FE;01/01/2016;Faz Pedra Bonita;;;;
1326;Nelore;FE;01/01/2016;Faz Pedra Bonita;Absorcao 30/06/2019;;;
1327;Nelore;FE;01/01/2016;Faz. Casa Blanca;;;;
1328;Nelore;FE;01/01/2016;Faz Pedra Bonita;;;;
1330;Nelore;FE;01/01/2016;Faz Pedra Bonita;Absorcao 17/05/2021;;;
1331;Nelore;FE;01/01/2016;Faz Pedra Bonita;;;;
1332;Nelore;FE;01/01/2016;Faz Pedra Bonita;Absorcao 30/06/2019;;;
1333;Nelore;FE;01/01/2016;Faz Pedra Bonita;;;;
1335;Nelore;FE;01/01/2016;Faz Pedra Bonita;;;;
1336;Nelore;FE;01/01/2016;Faz Pedra Bonita;;;;
1337;Nelore;FE;01/01/2016;Faz Pedra Bonita;;;;
1338;Nelore;FE;01/01/2016;Faz. Casa Blanca;;;;
4235;Nelore;FE;04/09/2018;Faz. Casa Blanca;;ASTRO TUL;SE0001;160
4240;Nelore;FE;04/09/2018;Faz Pedra Bonita;;GLUTaO;SE0020;1021
4249;Nelore;FE;06/09/2018;Faz Pedra Bonita;;PERSEU HER;SE0021;565
4251;Nelore;FE;06/09/2018;Faz Pedra Bonita;;LITIO AJ;SE0003;201
4052;Nelore;MA;10/09/2018;Faz Pedra Bonita;;LITIO AJ;SE0003;1051
4054;Nelore;FE;15/09/2018;Faz. Casa Blanca;;CHUMBO AJ;SE0002;1052
1341;Nelore;FE;01/01/2017;Faz Pedra Bonita;;;;
1347;Nelore;FE;01/01/2017;Faz Pedra Bonita;;;;
1348;Nelore;FE;01/01/2017;Faz Pedra Bonita;Bezerro morreu 2 dias apos nascer - 22/10/2019;;;
1350;Nelore;FE;01/01/2017;Faz. Casa Blanca;;;;
1352;Nelore;FE;01/01/2017;Faz Pedra Bonita;;;;
1353;Nelore;FE;01/01/2017;Faz Pedra Bonita;;;;
1356;Nelore;FE;01/01/2017;Faz. Casa Blanca;Aborto 17/10/2020;;;
1358;Nelore;FE;01/01/2017;Faz Pedra Bonita;;;;
1362;Nelore;FE;01/01/2017;Faz. Casa Blanca;;;;
1364;Nelore;FE;01/01/2017;Faz Pedra Bonita;;;;
1365;Nelore;FE;01/01/2017;Faz Pedra Bonita;;;;
1368;Nelore;FE;01/01/2017;Faz Pedra Bonita;Abortou 05/12/2020;;;
1370;Nelore;FE;01/01/2017;Faz Pedra Bonita;;;;
1374;Nelore;FE;01/01/2017;Faz Pedra Bonita;;;;
1375;Nelore;FE;01/01/2017;Faz Pedra Bonita;;;;
1377;Nelore;FE;01/01/2017;Faz. Casa Blanca;;;;
1381;Nelore;FE;01/01/2017;Faz. Casa Blanca;;;;
1386;Nelore;FE;01/01/2017;Faz Pedra Bonita;Selecionada para descarte 11/2021- descarte brava;;;
1387;Nelore;FE;01/01/2017;Faz. Casa Blanca;Absorcao 30/06/2019 e 14/11/2020;;;
1391;Nelore;FE;01/01/2017;Faz Pedra Bonita;;;;
1392;Nelore;FE;01/01/2017;Faz Pedra Bonita;;;;
4267;Nelore;FE;22/09/2018;Faz Pedra Bonita;Absorcao 16/11/2020;GLUTaO;SE0020;A00567
4266;Nelore;FE;22/09/2018;Faz Pedra Bonita;;PAINT PHANTON;SE0016;P00116
4271;Nelore;FE;22/09/2018;Faz Pedra Bonita;;PAINT PHANTON;SE0016;533
4272;Nelore;FE;22/09/2018;Faz Pedra Bonita;;GLUTaO;SE0020;1104
4273;Nelore;FE;26/09/2018;Faz Pedra Bonita;;PAINT PHANTON;SE0016;P00085
4275;Nelore;FE;27/09/2018;Faz Pedra Bonita;;LITIO AJ;SE0003;A00215
4278;Nelore;FE;27/09/2018;Faz. Casa Blanca;;METEORO;SE0018;C00054
4280;Nelore;FE;27/09/2018;Faz. Casa Blanca;;LITIO AJ;SE0003;541
4286;Nelore;FE;01/10/2018;Faz Pedra Bonita;;ASTRO TUL;SE0001;A00227
4282;Mestica;FE;01/10/2018;Faz Pedra Bonita;;;;1232
4610;Mestica;FE;04/10/2018;Faz Pedra Bonita;;;;AA0732
4290;Senepol;FE;05/10/2018;Faz. Casa Blanca;;MEHUM;SE0004;A00243
4298;Nelore;FE;09/10/2018;Faz Pedra Bonita;;LITIO AJ;SE0003;C00059
4281;Nelore;FE;29/09/2018;Faz Pedra Bonita;;GLUTaO;SE0020;C00069
4302;Mestica;FE;10/10/2018;Faz Pedra Bonita;;;;1296
4307;Nelore;FE;14/10/2018;Faz. Casa Blanca;;PAINT PHANTON;SE0016;P00518
4316;Nelore;FE;17/10/2018;Faz. Casa Blanca;08-01-2021 Recuperou da cegueira;GANGES COL;SE0015;569
4321;Nelore;FE;17/10/2018;Faz Pedra Bonita;Absorcao 12/01/2021;LITIO AJ;SE0003;C00022
4337;Nelore;FE;22/10/2018;Faz Pedra Bonita;;ELLIN AJ;SE0028;2074
4339;Nelore;FE;25/10/2018;Faz Pedra Bonita;;ELLIN AJ;SE0028;546
4343;Nelore;FE;27/10/2018;Faz Santa Helena;;GLUTaO;SE0020;A09865
4348;Mestica;FE;28/10/2018;Faz Pedra Bonita;;;;1309
4352;Nelore;FE;29/10/2018;Faz. Casa Blanca;;PAINT PHANTON;SE0016;A02937
4064;Nelore;FE;04/10/2018;Faz Pedra Bonita;;LITIO AJ;SE0003;1080
4067;Senepol;FE;09/10/2018;Faz. Casa Blanca;;MEHUM;SE0004;P00516
4068;Nelore;FE;09/10/2018;Faz. Casa Blanca;;PAINT PHANTON;SE0016;467
4071;Senepol;FE;09/10/2018;Faz Santa Helena;;MEHUM;SE0004;2195
4072;Senepol;FE;11/10/2018;Faz Santa Helena;Abortou 27/08/2020;MEHUM;SE0004;408
4074;Nelore;FE;16/10/2018;Faz. Casa Blanca;;PAINT PHANTON;SE0016;1091
4091;Nelore;FE;22/10/2018;Faz Pedra Bonita;;;;1087
4097;Nelore;FE;25/10/2018;Faz Pedra Bonita;;LITIO AJ;SE0003;C00001
4098;Nelore;FE;27/10/2018;Faz Santa Helena;;;;548
4100;Angus;FE;27/10/2018;Faz Pedra Bonita;;WOLF;SE0005;785
4101;Nelore;FE;27/10/2018;Faz. Casa Blanca;;PAINT PHANTON;SE0016;419
4102;Angus;FE;27/10/2018;Faz. Casa Blanca;;WOLF;SE0005;805
4325;Nelore;FE;18/10/2018;Faz Pedra Bonita;;PAINT PHANTON;SE0016;A00582
4602;Mestica;FE;15/10/2018;Faz Pedra Bonita;antigo 1399 -  Aborto 01/11/2021;;;1711
4365;Nelore;FE;02/11/2018;Faz Pedra Bonita;;PAINT PHANTON;SE0016;2118
4368;Nelore;FE;05/11/2018;Faz Pedra Bonita;Aborto 13/10/21;GLUTaO;SE0020;2211
4372;Nelore;FE;06/11/2018;Faz Pedra Bonita;;ASTRO TUL;SE0001;1015
4376;Nelore;FE;07/11/2018;Faz Pedra Bonita;;CHUMBO AJ;SE0002;2257
4380;Nelore;FE;08/11/2018;Faz Pedra Bonita;;PAINT PHANTON;SE0016;2242
4381;Nelore;FE;12/11/2018;Faz Pedra Bonita;;;;P00086
4388;Nelore;FE;16/11/2018;Faz. Casa Blanca;;ELLIN AJ;SE0028;P00109
4389;Nelore;FE;19/11/2018;Faz Pedra Bonita;;ELLIN AJ;SE0028;1088
4396;Nelore;FE;16/11/2018;Faz Pedra Bonita;;PERSEU HER;SE0021;A05568
4108;Red;FE;01/11/2018;Faz Pedra Bonita;;;;470
4110;Angus;FE;03/11/2018;Faz Pedra Bonita;;WOLF;SE0005;807
4111;Nelore;FE;03/11/2018;Faz. Casa Blanca;;VERMELHO 27;SE0012;483
4115;Mestica;FE;05/11/2018;Faz Santa Helena;;;;1262
4120;Nelore;FE;10/11/2018;Faz. Casa Blanca;;;;1044
4122;Nelore;FE;10/11/2018;Faz Pedra Bonita;;CASAL;SE0022;2152
4123;Nelore;FE;10/11/2018;Faz Pedra Bonita;;;;496
4130;Nelore;FE;15/11/2018;Faz Santa Helena;;CASAL;SE0022;1119
4142;Nelore;FE;18/11/2018;Faz. Casa Blanca;;CASAL;SE0022;800
4143;Nelore;FE;18/11/2018;Faz. Casa Blanca;;;;799
4144;Nelore;FE;22/11/2018;Faz Pedra Bonita;;GLUTaO;SE0020;1053
4145;Nelore;FE;22/11/2018;Faz Pedra Bonita;;GANGES COL;SE0015;1130
4147;Nelore;FE;24/11/2018;Faz Pedra Bonita;;METEORO;SE0018;1106
4153;Nelore;FE;27/11/2018;Faz Pedra Bonita;;GLUTaO;SE0020;630
4404;Nelore;FE;03/12/2018;Faz Pedra Bonita;;METEORO;SE0018;327
4156;Senepol;FE;06/12/2018;Faz Pedra Bonita;;CASAL;SE0022;2097
4416;Nelore;FE;18/12/2018;Faz Pedra Bonita;;PAINT PHANTON;SE0016;547
4419;Nelore;FE;22/12/2018;Faz Pedra Bonita;;PAINT PHANTON;SE0016;667
4423;Nelore;MA;23/12/2018;Faz. Casa Blanca;;PAINT PHANTON;SE0016;457
4427;Mestica;FE;28/12/2018;Faz. Casa Blanca;;;;822
1407;Nelore;FE;20/12/2016;Faz. Casa Blanca;Absorcao 30/06/2019;;;
1409;Nelore;FE;20/12/2016;Faz. Casa Blanca;;;;
1412;Nelore;FE;20/12/2016;Faz Pedra Bonita;;;;
1413;Nelore;FE;20/12/2016;Faz Pedra Bonita;;;;
1420;Nelore;FE;20/12/2016;Faz Pedra Bonita;10/2020 teve Gemelar - Nao consiguiu produzir leite para os 2;;;
1421;Nelore;FE;20/12/2016;Faz Pedra Bonita;;;;
1424;Nelore;FE;20/12/2016;Faz Santa Helena;Absorcao 30/06/2019;;;
1425;Nelore;FE;20/12/2016;Faz Pedra Bonita;;;;
1426;Nelore;FE;20/12/2016;Faz. Casa Blanca;Abortou 05/08/2019 - 01/10/2020 Criou Bezerro Morto;;;
1429;Nelore;FE;20/12/2016;Faz Pedra Bonita;;;;
1432;Nelore;FE;20/12/2016;Faz. Casa Blanca;;;;
1434;Nelore;FE;20/12/2016;Faz Pedra Bonita;;;;
1435;Nelore;FE;20/12/2016;Faz Pedra Bonita;;;;
1436;Nelore;FE;20/12/2016;Faz. Casa Blanca;;;;
4432;Nelore;FE;03/01/2019;Faz Pedra Bonita;;VERMELHO 27;SE0012;2131
4435;Mestica;FE;02/02/2019;Faz Pedra Bonita;;;;P00806
1438;Mestica;FE;09/01/2018;Faz Pedra Bonita;;;;
4169;Mestica;FE;25/02/2019;Faz Pedra Bonita;;;;1285
4168;Angus;FE;20/02/2019;Faz Pedra Bonita;;;;1257
4170;Nelore;FE;14/03/2019;Faz Santa Helena;;;;C00087
4171;Angus;FE;14/03/2019;Faz Pedra Bonita;;;;1273
4173;Angus;FE;20/03/2019;Faz. Casa Blanca;;;;1284
4175;Angus;FE;24/03/2019;Faz Pedra Bonita;;;;1286
4176;Angus;FE;25/03/2019;Faz Pedra Bonita;;;;1252
4180;Angus;FE;02/04/2019;Faz Pedra Bonita;;;;1272
4181;Angus;FE;04/04/2019;Faz Pedra Bonita;;;;1291
1568;Nelore;FE;11/10/2017;Faz Pedra Bonita;;;;
1573;Nelore;FE;11/10/2017;Faz Pedra Bonita;;;;
1575;Mestica;FE;11/10/2017;Faz. Casa Blanca;;;;
1576;Nelore;FE;11/10/2017;Faz. Casa Blanca;;;;
1587;Nelore;FE;21/02/2017;Faz Pedra Bonita;;;;
1588;Nelore;FE;21/02/2017;Faz Pedra Bonita;;;;
1591;Nelore;FE;21/02/2017;Faz Pedra Bonita;;;;
1595;Nelore;FE;21/02/2017;Faz Pedra Bonita;Aborto 07/11/2020;;;
1599;Nelore;FE;21/02/2017;Faz Pedra Bonita;;;;
1601;Nelore;FE;21/02/2017;Faz Pedra Bonita;;;;
1606;Nelore;FE;21/02/2017;Faz Pedra Bonita;;;;
1579;Nelore;FE;21/02/2017;Faz Pedra Bonita;;;;
4184;Mestica;FE;03/04/2019;Faz Santa Helena;;;;990
1611;Nelore;FE;16/04/2018;Faz Pedra Bonita;;;;
1614;Nelore;FE;16/04/2018;Faz Pedra Bonita;;;;
1615;Nelore;FE;16/04/2018;Faz Pedra Bonita;;;;
1616;Nelore;FE;16/04/2018;Faz Pedra Bonita;;;;
1618;Nelore;FE;16/04/2018;Faz Pedra Bonita;;;;
1619;Nelore;FE;16/04/2018;Faz Pedra Bonita;;;;
1622;Nelore;FE;16/04/2018;Faz Pedra Bonita;;;;
1626;Nelore;FE;16/04/2018;Faz Pedra Bonita;;;;
1629;Nelore;FE;16/04/2018;Faz Pedra Bonita;;;;
4187;Nelore;FE;23/06/2019;Faz Santa Helena;;;;652
4611;Mestica;FE;07/07/2019;Faz Santa Helena;;;;1207
5200;Nelore;FE;22/07/2019;Faz. Casa Blanca;;;;1597
5002;Senepol;FE;14/08/2019;Faz Santa Helena;;MEHUM;SE0004;1290
5004;Nelore;FE;16/08/2019;Faz Pedra Bonita;;JAGUARI;SE0014;1129
5007;Nelore;FE;18/08/2019;Faz Pedra Bonita;;PERSEU HER;SE0021;1118
5008;Nelore;FE;18/08/2019;Faz Pedra Bonita;;ASTRO TUL;SE0001;676
5009;Nelore;FE;18/08/2019;Faz Pedra Bonita;;PINOT;SE0034;1259
5013;Nelore;FE;21/08/2019;Faz Santa Helena;;JAGUARI;SE0014;1096
5014;Nelore;FE;21/08/2019;Faz Pedra Bonita;;ASTRO TUL;SE0001;368
5015;Nelore;FE;21/08/2019;Faz Pedra Bonita;;ASTRO TUL;SE0001;566
5017;Nelore;FE;22/08/2019;Faz. Casa Blanca;;PERSEU HER;SE0021;679
5018;Nelore;FE;22/08/2019;Faz Santa Helena;;ASTRO TUL;SE0001;662
5019;Nelore;FE;22/08/2019;Faz Pedra Bonita;;GLUTaO;SE0020;1052
5202;Nelore;FE;05/08/2019;Faz Pedra Bonita;;;;1598
5207;Nelore;FE;08/08/2019;Faz. Casa Blanca;;PAINT PHANTON;SE0016;719
5214;Nelore;FE;10/08/2019;Faz. Casa Blanca;;;;1599
5215;Senepol;FE;11/08/2019;Faz Santa Helena;;ZAKI;SE0030;575
5217;Nelore;FE;13/08/2019;Faz Santa Helena;;GANGES COL;SE0015;P00529
5219;Senepol;FE;15/08/2019;Faz. Casa Blanca;;MEHUM;SE0004;1244
5224;Nelore;FE;16/08/2019;Faz Pedra Bonita;esta com a tatuagem na orelha errada (C00073);PAINT PHANTON;SE0016;C00074
5227;Nelore;FE;18/08/2019;Faz. Casa Blanca;;;;1240
5235;Nelore;FE;22/08/2019;Faz. Casa Blanca;;METEORO;SE0018;C00058
5237;Nelore;MA;24/08/2019;Faz Santa Helena;Foi cancelada a venda 21/12/2021 e substituido por 6585;METEORO;SE0018;1006
5239;Angus;FE;26/08/2019;Faz Pedra Bonita;;MEHUM;SE0004;1232
5242;Nelore;FE;27/08/2019;Faz Pedra Bonita;;;;720
5229;Nelore;FE;19/08/2019;Faz Santa Helena;;GANGES COL;SE0015;577
5216;Senepol;FE;12/08/2019;Faz Pedra Bonita;;;;A00567
1247;Mestica;FE;08/07/2018;Faz Santa Helena;;;;
5027;Nelore;FE;24/08/2019;Faz Santa Helena;;PERSEU HER;SE0021;1102
5032;Nelore;FE;26/08/2019;Faz Santa Helena;;PINOT;SE0034;1253
5247;Nelore;FE;02/09/2019;Faz Santa Helena;;PAINT PHANTON;SE0016;P00133
5248;Nelore;FE;03/09/2019;Faz Santa Helena;;PAINT PHANTON;SE0016;C00054
5252;Nelore;FE;04/09/2019;Faz Pedra Bonita;;MATUPA;SE0031;2262
5254;Nelore;FE;06/09/2019;Faz. Casa Blanca;;ELLIN AJ;SE0028;2199
5256;Nelore;FE;07/09/2019;Faz. Casa Blanca;;MATUPA;SE0031;1297
5261;Nelore;FE;09/09/2019;Faz Pedra Bonita;;PINOT;SE0034;778
5262;Nelore;FE;09/09/2019;Faz Pedra Bonita;;PERSEU HER;SE0021;2260
5265;Mestica;FE;10/09/2019;Faz Santa Helena;;;;432
5266;Nelore;FE;10/09/2019;Faz Pedra Bonita;;MATUPA;SE0031;2479
5267;Mestica;FE;10/09/2019;Faz Pedra Bonita;;;;1223
5037;Nelore;FE;02/09/2019;Faz. Casa Blanca;;JAGUARI;SE0014;1105
5034;Nelore;FE;08/09/2019;Faz. Casa Blanca;;CHUMBO AJ;SE0002;1092
5043;Nelore;FE;18/09/2019;Faz Santa Helena;Cria o Bezerro 7732 (Filho da vaca 5505);ELLIN AJ;SE0028;467
5270;Nelore;FE;11/09/2019;Faz Pedra Bonita;;DAKOTA;SE0032;533
5273;Nelore;FE;11/09/2019;Faz Pedra Bonita;;PAINT PHANTON;SE0016;1125
5274;Nelore;FE;11/09/2019;Faz Santa Helena;;METEORO;SE0018;P00087
5275;Nelore;FE;11/09/2019;Faz. Casa Blanca;;;;2252
5277;Nelore;FE;11/09/2019;Faz Santa Helena;;DAKOTA;SE0032;2430
5280;Nelore;FE;12/09/2019;Faz Pedra Bonita;;DAKOTA;SE0032;2322
5281;Mestica;FE;12/09/2019;Faz Santa Helena;;CASAL;SE0022;2149
5283;Nelore;FE;13/09/2019;Faz Pedra Bonita;;MATUPA;SE0031;2053
5286;Nelore;FE;13/09/2019;Faz Santa Helena;;CASAL;SE0022;2012
5292;Nelore;FE;15/09/2019;Faz Santa Helena;;DAKOTA;SE0032;1338
5296;Nelore;FE;15/09/2019;Faz Pedra Bonita;;METEORO;SE0018;513
5295;Nelore;FE;15/09/2019;Faz. Casa Blanca;05/2022 Absorcao;PAINT PHANTON;SE0016;1315
5297;Nelore;FE;17/09/2019;Faz Pedra Bonita;;;;C00112
5299;Mestica;FE;17/09/2019;Faz Pedra Bonita;;;;668
5301;Nelore;FE;18/09/2019;Faz Santa Helena;;DAKOTA;SE0032;1328
5305;Nelore;FE;20/09/2019;Faz Pedra Bonita;;;;1036
5308;Nelore;FE;20/09/2019;Faz Santa Helena;;PARAGUAI;SE0029;2456
5311;Nelore;FE;23/09/2019;Faz. Casa Blanca;;DAKOTA;SE0032;1331
5313;Nelore;FE;23/09/2019;Faz Santa Helena;;;;783
5316;Nelore;FE;25/09/2019;Faz Pedra Bonita;;MATUPA;SE0031;1086
5319;Nelore;MA;26/09/2019;Faz Santa Helena;;PAINT PHANTON;SE0016;563
5279;Nelore;FE;11/09/2019;Faz Santa Helena;Perna Quebrada;PARAGUAI;SE0029;2457
5048;Nelore;FE;23/09/2019;Faz. Casa Blanca;;DAKOTA;SE0032;2094
5049;Angus;FE;23/09/2019;Faz. Casa Blanca;;ZAKI;SE0030;3458
5050;Senepol;FE;24/09/2019;Faz Pedra Bonita;;ZAKI;SE0030;3401
5052;Senepol;FE;27/09/2019;Faz. Casa Blanca;;ZAKI;SE0030;3404
5053;Angus;FE;27/09/2019;Faz Santa Helena;;PINOT;SE0034;3494
5056;Nelore;FE;01/10/2019;Faz. Casa Blanca;;DAKOTA;SE0032;465
5328;Senepol;FE;30/09/2019;Faz Pedra Bonita;;MEHUM;SE0004;3176
5331;Nelore;FE;01/10/2019;Faz Pedra Bonita;;MATUPA;SE0031;249
5333;Nelore;FE;02/10/2019;Faz Santa Helena;;LITIO AJ;SE0003;391
5335;Nelore;FE;03/10/2019;Faz Pedra Bonita;Perna Quebrada;MATUPA;SE0031;AC0015
5336;Nelore;FE;04/10/2019;Faz Pedra Bonita;;PINOT;SE0034;2500
5338;Nelore;FE;04/10/2019;Faz. Casa Blanca;;DAKOTA;SE0032;2462
5342;Nelore;FE;06/10/2019;Faz Pedra Bonita;;DAKOTA;SE0032;2469
5346;Nelore;FE;07/10/2019;Faz Santa Helena;;MATUPA;SE0031;1010
5352;Senepol;FE;09/10/2019;Faz. Casa Blanca;;MEHUM;SE0004;3183
5355;Nelore;FE;09/10/2019;Faz Pedra Bonita;;;;776
5302;Nelore;FE;18/09/2019;Faz Pedra Bonita;;MATUPA;SE0031;2079
5278;Nelore;FE;11/09/2019;Faz Pedra Bonita;;;;2019
5057;Senepol;FE;02/10/2019;Faz Santa Helena;;ZAKI;SE0030;3478
5058;Red;FE;02/10/2019;Faz Pedra Bonita;;DAKOTA;SE0032;2239
5066;Nelore;FE;07/10/2019;Faz Pedra Bonita;;DAKOTA;SE0032;3505
5068;Nelore;FE;08/10/2019;Faz Pedra Bonita;;DAKOTA;SE0032;3507
5072;Senepol;FE;09/10/2019;Faz Santa Helena;;PINOT;SE0034;3464
5073;Nelore;FE;09/10/2019;Faz Pedra Bonita;;DAKOTA;SE0032;3453
5075;Nelore;FE;14/10/2019;Faz Pedra Bonita;;PINOT;SE0034;1044
5076;Nelore;FE;14/10/2019;Faz Santa Helena;;PARAGUAI;SE0029;803
5079;Nelore;FE;15/10/2019;Faz. Casa Blanca;;GLUTaO;SE0020;483
5080;Angus;FE;17/10/2019;Faz. Casa Blanca;;WOLF;SE0005;2286
5365;Nelore;FE;14/10/2019;Faz Pedra Bonita;;DAKOTA;SE0032;2290
5366;Nelore;FE;14/10/2019;Faz. Casa Blanca;;DAKOTA;SE0032;1316
5369;Nelore;FE;16/10/2019;Faz. Casa Blanca;;DAKOTA;SE0032;3141
5282;Nelore;FE;16/10/2019;Faz Pedra Bonita;;DAKOTA;SE0032;1319
5374;Mestica;FE;16/10/2019;Faz Pedra Bonita;;;;2298
5375;Nelore;FE;17/10/2019;Faz Pedra Bonita;;DAKOTA;SE0032;3061
5384;Senepol;FE;19/10/2019;Faz Pedra Bonita;;;;2075
5389;Nelore;FE;20/10/2019;Faz Pedra Bonita;;PAINT PHANTON;SE0016;P00137
5390;Nelore;FE;20/10/2019;Faz. Casa Blanca;;DAKOTA;SE0032;3071
5391;Nelore;FE;21/10/2019;Faz Pedra Bonita;;DAKOTA;SE0032;1325
5392;Nelore;FE;21/10/2019;Faz Pedra Bonita;Aborto - Foi tocada em 11/02/2022 e foi Diagn VZ;DAKOTA;SE0032;3056
5395;Mestica;FE;22/10/2019;Faz Pedra Bonita;;;;2301
5396;Senepol;FE;22/10/2019;Faz Pedra Bonita;;;;1386
5398;Nelore;FE;23/10/2019;Faz Santa Helena;;MATUPA;SE0031;P00109
5400;Nelore;FE;23/10/2019;Faz Santa Helena;;MATUPA;SE0031;2211
5401;Nelore;FE;23/10/2019;Faz Pedra Bonita;;MATUPA;SE0031;1088
5402;Nelore;FE;23/10/2019;Faz. Casa Blanca;;MATUPA;SE0031;1043
5082;Nelore;FE;18/10/2019;Faz. Casa Blanca;;PINOT;SE0034;808
5332;Nelore;FE;02/10/2019;Faz Pedra Bonita;;;;1216
5403;Nelore;FE;24/10/2019;Faz Santa Helena;;DAKOTA;SE0032;3013
5404;Nelore;FE;24/10/2019;Faz Pedra Bonita;;MATUPA;SE0031;P00086
5405;Nelore;FE;24/10/2019;Faz Pedra Bonita;;DAKOTA;SE0032;3130
5410;Nelore;FE;25/10/2019;Faz Pedra Bonita;;CASAL;SE0022;1355
5412;Nelore;FE;25/10/2019;Faz Pedra Bonita;;NERO;SE0033;1379
5414;Nelore;FE;28/10/2019;Faz. Casa Blanca;;MATUPA;SE0031;636
5421;Nelore;FE;30/10/2019;Faz Pedra Bonita;;NERO;SE0033;C00097
5422;Nelore;FE;30/10/2019;Faz Pedra Bonita;;;;92
5423;Nelore;FE;31/10/2019;Faz Pedra Bonita;Perna Quebrada;;;1568
5425;Nelore;FE;31/10/2019;Faz Pedra Bonita;;;;565
5092;Nelore;FE;30/10/2019;Faz Pedra Bonita;;ELLIN AJ;SE0028;1061
5093;Nelore;FE;31/10/2019;Faz Pedra Bonita;;ELLIN AJ;SE0028;2162
5094;Nelore;FE;31/10/2019;Faz. Casa Blanca;;ELLIN AJ;SE0028;1072
5095;Nelore;FE;31/10/2019;Faz Pedra Bonita;;PARAGUAI;SE0029;1281
5096;Nelore;FE;31/10/2019;Faz. Casa Blanca;;ELLIN AJ;SE0028;1108
5097;Nelore;FE;01/11/2019;Faz Santa Helena;;ELLIN AJ;SE0028;1031
5101;Angus;FE;02/11/2019;Faz. Casa Blanca;;ZAKI;SE0030;3472
5089;Senepol;FE;27/10/2019;Faz. Casa Blanca;;MEHUM;SE0004;1095
5430;Nelore;FE;02/11/2019;Faz Pedra Bonita;;PINOT;SE0034;1363
5436;Nelore;FE;07/11/2019;Faz Pedra Bonita;;CASAL;SE0022;1371
5437;Nelore;FE;07/11/2019;Faz Pedra Bonita;;NERO;SE0033;C00096
5438;Nelore;FE;07/11/2019;Faz Pedra Bonita;;VERMELHO 27;SE0012;1430
5105;Nelore;FE;04/11/2019;Faz Pedra Bonita;;ELLIN AJ;SE0028;2420
5106;Nelore;FE;07/11/2019;Faz Pedra Bonita;;ELLIN AJ;SE0028;2466
5107;Nelore;FE;08/11/2019;Faz. Casa Blanca;;;;795
5109;Nelore;FE;11/11/2019;Faz. Casa Blanca;;ELLIN AJ;SE0028;1053
5108;Senepol;FE;11/11/2019;Faz. Casa Blanca;;MEHUM;SE0004;356
5110;Nelore;FE;16/11/2019;Faz. Casa Blanca;;;;695
5111;Senepol;FE;17/11/2019;Faz Santa Helena;;ZAKI;SE0030;480
5112;Nelore;FE;17/11/2019;Faz Pedra Bonita;;PARAGUAI;SE0029;1260
5113;Nelore;FE;17/11/2019;Faz Pedra Bonita;;PARAGUAI;SE0029;1250
5439;Nelore;FE;08/11/2019;Faz Pedra Bonita;;NERO;SE0033;1298
5443;Nelore;FE;10/11/2019;Faz Pedra Bonita;;VERMELHO 27;SE0012;1373
5444;Nelore;FE;10/11/2019;Faz Pedra Bonita;;;;P00126
5452;Nelore;FE;17/11/2019;Faz. Casa Blanca;;;;1618
5453;Nelore;FE;20/11/2019;Faz Pedra Bonita;;DAKOTA;SE0032;3062
5454;Nelore;FE;20/11/2019;Faz. Casa Blanca;;;;1581
5460;Nelore;FE;25/11/2019;Faz Pedra Bonita;;VERMELHO 27;SE0012;1429
5114;Nelore;FE;17/11/2019;Faz Pedra Bonita;;;;1080
5463;Nelore;FE;25/11/2019;Faz Pedra Bonita;;;;1595
5464;Nelore;FE;26/11/2019;Faz Pedra Bonita;;DAKOTA;SE0032;3019
5468;Nelore;FE;30/11/2019;Faz Pedra Bonita;;;;2124
5471;Nelore;FE;01/12/2019;Faz Pedra Bonita;;;;2175
5472;Nelore;FE;01/12/2019;Faz Pedra Bonita;;;;A00733
5477;Nelore;FE;02/12/2019;Faz Pedra Bonita;;PAINT PHANTON;SE0016;667
5115;Nelore;FE;20/11/2019;Faz Pedra Bonita;;ELLIN AJ;SE0028;2504
5119;Nelore;FE;24/11/2019;Faz Pedra Bonita;;PARAGUAI;SE0029;1100
5122;Nelore;FE;01/12/2019;Faz Pedra Bonita;;MATUPA;SE0031;1271
5121;Nelore;FE;27/11/2019;Faz Santa Helena;;;;3434
5801;Mestica;FE;08/10/2019;Faz Pedra Bonita;;;;1251
5802;Nelore;FE;19/11/2019;Faz Pedra Bonita;;;;A00243
5125;Angus;FE;05/12/2019;Faz. Casa Blanca;;;;3476
5126;Nelore;FE;10/12/2019;Faz. Casa Blanca;;;;1130
5123;Nelore;FE;01/12/2019;Faz. Casa Blanca;;DAKOTA;SE0032;3468
5478;Nelore;FE;02/12/2019;Faz Pedra Bonita;;;;3813
5481;Nelore;FE;02/12/2019;Faz Pedra Bonita;;NERO;SE0033;1380
5487;Nelore;FE;07/12/2019;Faz Pedra Bonita;;;;1612
5492;Mestica;FE;09/12/2019;Faz Pedra Bonita;;;;1235
5493;Nelore;FE;09/12/2019;Faz Pedra Bonita;;NERO;SE0033;1434
5496;Nelore;FE;10/12/2019;Faz Pedra Bonita;;PAINT PHANTON;SE0016;C00101
5497;Nelore;FE;11/12/2019;Faz Pedra Bonita;;NERO;SE0033;1360
5499;Nelore;FE;12/12/2019;Faz Pedra Bonita;;NERO;SE0033;1435
5500;Nelore;FE;12/12/2019;Faz Pedra Bonita;;;;1587
5513;Nelore;FE;17/12/2019;Faz Pedra Bonita;;NERO;SE0033;1357
5517;Nelore;FE;20/12/2019;Faz. Casa Blanca;08/07/2022 Absorcao, confirmada VZ pelo Rafael;;;A00613
5523;Nelore;FE;28/12/2019;Faz Pedra Bonita;;;;3808
5130;Nelore;FE;18/12/2019;Faz Pedra Bonita;;;;799
1722;Nelore;FE;26/08/2018;Faz Pedra Bonita;;;;
1724;Nelore;FE;26/08/2018;Faz Pedra Bonita;;;;
1732;Mestica;FE;26/08/2018;Faz Santa Helena;;;;
1742;Canchim;FE;26/08/2018;Faz Pedra Bonita;;;;
1743;Mestica;FE;26/08/2018;Faz Pedra Bonita;;;;
1749;Nelore;FE;26/08/2018;Faz Pedra Bonita;;;;
1751;Mestica;FE;26/08/2018;Faz Pedra Bonita;;;;
1757;Canchim;FE;26/08/2018;Faz Pedra Bonita;;;;
1762;Canchim;FE;26/08/2018;Faz Pedra Bonita;;;;
1768;Mestica;FE;26/08/2018;Faz Pedra Bonita;29/07/2022 Aborto;;;
1773;Canchim;FE;26/08/2018;Faz Pedra Bonita;;;;
1774;Nelore;FE;26/08/2018;Faz Pedra Bonita;;;;
1779;Mestica;FE;26/08/2018;Faz Santa Helena;;;;
1787;Mestica;FE;26/08/2018;Faz Santa Helena;;;;
1788;Mestica;FE;26/08/2018;Faz Pedra Bonita;;;;
1789;Canchim;FE;26/08/2018;Faz Pedra Bonita;;;;
1793;Canchim;FE;26/08/2018;Faz Pedra Bonita;;;;
1794;Canchim;FE;26/08/2018;Faz Pedra Bonita;;;;
1795;Canchim;FE;26/08/2018;Faz Santa Helena;;;;
1804;Nelore;FE;26/08/2018;Faz Pedra Bonita;;;;
5805;Nelore;FE;16/12/2019;Faz Pedra Bonita;;;;612
5534;Nelore;FE;15/01/2020;Faz. Casa Blanca;Esta tatuado com mae errada P 5518;;;A00629
5535;Nelore;FE;18/02/2020;Faz Pedra Bonita;;;;P00806
5531;Nelore;FE;15/01/2020;Faz Pedra Bonita;Esta tatuado com mae errada A629;;;P00518
1710;Nelore;FE;01/01/2019;Faz Pedra Bonita;;;;
1808;Mestica;FE;01/01/2018;Faz Pedra Bonita;;;;
1809;Nelore;FE;01/01/2018;Faz Pedra Bonita;;;;
1815;Nelore;FE;01/01/2018;Faz Pedra Bonita;;;;
1816;Nelore;FE;01/01/2018;Faz Pedra Bonita;;;;
1818;Nelore;FE;01/01/2018;Faz Pedra Bonita;Aborto 24/09/2020;;;
1821;Nelore;FE;01/01/2018;Faz Pedra Bonita;;;;
1830;Guzera;FE;01/01/2018;Faz Pedra Bonita;;;;
1832;Nelore;FE;01/01/2018;Faz Pedra Bonita;;;;
1833;Guzera;FE;01/01/2018;Faz Pedra Bonita;;;;
1834;Guzera;FE;01/01/2018;Faz Pedra Bonita;;;;
1836;Mestica;FE;01/01/2018;Faz Santa Helena;;;;
1839;Nelore;FE;01/01/2018;Faz Santa Helena;;;;
1841;Nelore;FE;01/01/2018;Faz Pedra Bonita;;;;
1842;Nelore;FE;01/01/2018;Faz Pedra Bonita;;;;
5138;Mestica;FE;28/03/2020;Faz Pedra Bonita;Bezerra Vaca de Leite;;;990
6302;Senepol;FE;27/08/2020;Faz Pedra Bonita;;MEHUM;SE0004;3030
6304;Senepol;FE;02/09/2020;Faz. Casa Blanca;;MEHUM;SE0004;442
6305;Senepol;MA;02/09/2020;Faz Santa Helena;Foi cancelada a venda 24/02/2022 e substituido por 5251 - Regis;MEHUM;SE0004;443
6308;Senepol;MA;02/09/2020;Faz Santa Helena;;MEHUM;SE0004;3091
6309;Nelore;MA;03/09/2020;Faz Pedra Bonita;;PARAGUAI;SE0029;1608
6800;Leiteira;FE;07/09/2020;Faz. Casa Blanca;;;;481
6801;Senepol;FE;10/09/2020;Faz. Casa Blanca;;DEXTER BELVALE;SE0037;2259
6312;Nelore;FE;05/09/2020;Faz Pedra Bonita;;NERO;SE0033;2469
6313;Senepol;FE;05/09/2020;Faz. Casa Blanca;05/2022 Absorcao;MEHUM;SE0004;A00567
6314;Nelore;MA;06/09/2020;Faz. Casa Blanca;;GANGES COL;SE0015;1331
6315;Nelore;FE;07/09/2020;Faz Pedra Bonita;;GANGES COL;SE0015;1296
6316;Nelore;FE;07/09/2020;Faz Pedra Bonita;;GANGES COL;SE0015;1306
6317;Nelore;FE;07/09/2020;Faz Pedra Bonita;;NERO;SE0033;2317
6318;Nelore;FE;07/09/2020;Faz Pedra Bonita;;GANGES COL;SE0015;344
6321;Nelore;FE;07/09/2020;Faz. Casa Blanca;;PINOT;SE0034;1232
6322;Nelore;FE;07/09/2020;Faz Pedra Bonita;;IMPERIO;SE0035;P00529
6324;Nelore;FE;07/09/2020;Faz. Casa Blanca;05/2022 Absorcao;GANGES COL;SE0015;1305
6326;Nelore;FE;07/09/2020;Faz Pedra Bonita;;GANGES COL;SE0015;1389
6328;Nelore;FE;08/09/2020;Faz Santa Helena;;GANGES COL;SE0015;1036
6329;Senepol;FE;08/09/2020;Faz Pedra Bonita;;ZAKI;SE0030;2002
6331;Nelore;FE;08/09/2020;Faz Pedra Bonita;;DAKOTA;SE0032;3218
6332;Nelore;FE;08/09/2020;Faz Santa Helena;;MATUPA;SE0031;1593
6336;Mestica;FE;10/09/2020;Faz Pedra Bonita;;PINOT;SE0034;668
6337;Nelore;FE;10/09/2020;Faz Pedra Bonita;;GANGES COL;SE0015;1293
6338;Nelore;MA;10/09/2020;Faz Pedra Bonita;;GANGES COL;SE0015;1408
6339;Nelore;FE;10/09/2020;Faz Santa Helena;;MATUPA;SE0031;1338
6340;Nelore;MA;10/09/2020;Faz Pedra Bonita;;PINOT;SE0034;1311
6341;Nelore;MA;10/09/2020;Faz Santa Helena;;MATUPA;SE0031;1315
6343;Nelore;FE;11/09/2020;Faz Pedra Bonita;;PARAGUAI;SE0029;1615
6344;Nelore;FE;11/09/2020;Faz Pedra Bonita;;MATUPA;SE0031;3154
6347;Nelore;FE;11/09/2020;Faz Pedra Bonita;;GANGES COL;SE0015;1010
6351;Red;FE;12/09/2020;Faz Pedra Bonita;;PINOT;SE0034;732
6003;Nelore;FE;10/09/2020;Faz Pedra Bonita;;MATUPA;SE0031;2444
6005;Nelore;FE;12/09/2020;Faz Pedra Bonita;;IMPERIO;SE0035;469
6004;Nelore;MA;12/09/2020;Faz Pedra Bonita;Tatuado Num Mae ERRADO, CORRETO = Mae 1084;PARAGUAI;SE0029;1084
6355;Nelore;MA;14/09/2020;Faz Santa Helena;;PINOT;SE0034;776
6357;Nelore;FE;14/09/2020;Faz Pedra Bonita;;IMPERIO;SE0035;P00133
6358;Nelore;FE;14/09/2020;Faz Santa Helena;;IMPERIO;SE0035;C00069
6361;Nelore;FE;16/09/2020;Faz Santa Helena;;IMPERIO;SE0035;3278
6362;Red;FE;16/09/2020;Faz Pedra Bonita;;PINOT;SE0034;2243
6363;Senepol;FE;16/09/2020;Faz. Casa Blanca;;DEXTER BELVALE;SE0037;2462
6365;Nelore;FE;16/09/2020;Faz. Casa Blanca;05/2022 Absorcao;MATUPA;SE0031;1326
6369;Nelore;FE;17/09/2020;Faz Pedra Bonita;;LITIO AJ;SE0003;C00074
6804;Nelore;FE;14/09/2020;Faz Santa Helena;;MATUPA;SE0031;657
6806;Nelore;FE;15/09/2020;Faz Pedra Bonita;;PINOT;SE0034;137
6809;Senepol;FE;18/09/2020;Faz Pedra Bonita;;DEXTER BELVALE;SE0037;1141
6372;Nelore;FE;18/09/2020;Faz. Casa Blanca;;NERO;SE0033;3217
6375;Nelore;FE;19/09/2020;Faz Pedra Bonita;;IMPERIO;SE0035;3274
6376;Nelore;FE;19/09/2020;Faz Pedra Bonita;;NERO;SE0033;3163
6379;Nelore;FE;19/09/2020;Faz Santa Helena;;MATUPA;SE0031;1333
6380;Nelore;FE;19/09/2020;Faz Pedra Bonita;;MATUPA;SE0031;3446
6381;Nelore;MA;19/09/2020;Faz Pedra Bonita;;DAKOTA;SE0032;2108H
6383;Nelore;FE;20/09/2020;Faz Santa Helena;;MATUPA;SE0031;3079
6385;Nelore;MA;20/09/2020;Faz Santa Helena;;NERO;SE0033;2427
6386;Nelore;FE;20/09/2020;Faz Santa Helena;;MATUPA;SE0031;3113
6390;Nelore;FE;21/09/2020;Faz. Casa Blanca;05/2022 Absorcao;IMPERIO;SE0035;2074
6397;Senepol;FE;24/09/2020;Faz Santa Helena;;DEXTER BELVALE;SE0037;3803
6400;Nelore;FE;24/09/2020;Faz Pedra Bonita;;PROTON;SE0036;2215
6401;Nelore;FE;24/09/2020;Faz. Casa Blanca;;GANGES COL;SE0015;1425
6403;Nelore;FE;24/09/2020;Faz. Casa Blanca;;GANGES COL;SE0015;266
6404;Nelore;FE;24/09/2020;Faz. Casa Blanca;;GANGES COL;SE0015;1299
6409;Nelore;FE;26/09/2020;Faz Pedra Bonita;;PROTON;SE0036;2049
6410;Nelore;FE;27/09/2020;Faz Santa Helena;;GANGES COL;SE0015;806
6413;Senepol;FE;27/09/2020;Faz. Casa Blanca;;DEXTER BELVALE;SE0037;1805
6414;Nelore;FE;27/09/2020;Faz Santa Helena;Num da mae correto = 2076;IMPERIO;SE0035;3276
6406;Angus;FE;26/09/2020;Faz. Casa Blanca;;DEXTER BELVALE;SE0037;3049
6006;Nelore;FE;13/09/2020;Faz Pedra Bonita;;PARAGUAI;SE0029;1105
6007;Nelore;FE;14/09/2020;Faz Pedra Bonita;;PARAGUAI;SE0029;1269
6009;Nelore;FE;13/09/2020;Faz Pedra Bonita;;IMPERIO;SE0035;428
6008;Nelore;FE;14/09/2020;Faz. Casa Blanca;;PARAGUAI;SE0029;492
6010;Nelore;FE;15/09/2020;Faz Pedra Bonita;18/07/2022 Aborto;PROTON;SE0036;1259
6012;Nelore;FE;15/09/2020;Faz Pedra Bonita;;IMPERIO;SE0035;1047
6015;Nelore;FE;16/09/2020;Faz Pedra Bonita;;IMPERIO;SE0035;C00020
6017;Nelore;FE;16/09/2020;Faz Santa Helena;;PARAGUAI;SE0029;652
6020;Nelore;FE;17/09/2020;Faz. Casa Blanca;;NERO;SE0033;803
6021;Senepol;FE;17/09/2020;Faz. Casa Blanca;;GANGES COL;SE0015;3494
6022;Nelore;FE;18/09/2020;Faz Pedra Bonita;;NERO;SE0033;566
6023;Nelore;FE;18/09/2020;Faz. Casa Blanca;;NERO;SE0033;1118
6025;Red;FE;18/09/2020;Faz Pedra Bonita;;DEXTER BELVALE;SE0037;3824
6026;Nelore;MA;19/09/2020;Faz. Casa Blanca;;NERO;SE0033;679
6028;Nelore;FE;19/09/2020;Faz Pedra Bonita;;NERO;SE0033;1128
6034;Nelore;FE;21/09/2020;Faz Santa Helena;;PROTON;SE0036;1138
6036;Senepol;FE;22/09/2020;Faz. Casa Blanca;;;;3801
6040;Nelore;FE;22/09/2020;Faz. Casa Blanca;;DEXTER BELVALE;SE0037;3809
6041;Nelore;MA;22/09/2020;Faz. Casa Blanca;;PROTON;SE0036;1109
6042;Angus;FE;22/09/2020;Faz. Casa Blanca;;PENDULLUM;SE0038;3095
6046;Nelore;FE;25/09/2020;Faz Pedra Bonita;;IMPERIO;SE0035;3453
6051;Mestica;FE;25/09/2020;Faz. Casa Blanca;;;;823
6053;Senepol;MA;25/09/2020;Faz Santa Helena;;MEHUM;SE0004;2235
6054;Senepol;FE;26/09/2020;Faz Santa Helena;Num 6064 Tatuado na Orelha, esta ERRADO. Correto = 6054;DEXTER BELVALE;SE0037;2443
6813;Nelore;FE;22/09/2020;Faz Pedra Bonita;;PROTON;SE0036;457
6816;Angus;FE;25/09/2020;Faz Pedra Bonita;;PENDULLUM;SE0038;772
6415;Nelore;FE;29/09/2020;Faz Santa Helena;Num da mae correto = 3276;PROTON;SE0036;2076
6417;Nelore;FE;29/09/2020;Faz Pedra Bonita;;IMPERIO;SE0035;2020
6419;Nelore;FE;30/09/2020;Faz Pedra Bonita;;NERO;SE0033;A03540
6420;Nelore;MA;30/09/2020;Faz Santa Helena;;NERO;SE0033;547
6810;Senepol;FE;19/09/2020;Faz Santa Helena;;DEXTER BELVALE;SE0037;1291
6817;Nelore;MA;28/09/2020;Faz Santa Helena;;PROTON;SE0036;2177
6818;Nelore;FE;29/09/2020;Faz Pedra Bonita;;PROTON;SE0036;377
6820;Nelore;FE;29/09/2020;Faz. Casa Blanca;;PROTON;SE0036;P00155
6062;Nelore;MA;29/09/2020;Faz Santa Helena;;DAKOTA;SE0032;3148
6063;Nelore;FE;29/09/2020;Faz Pedra Bonita;;NERO;SE0033;1327
6065;Nelore;FE;01/10/2020;Faz Pedra Bonita;;GANGES COL;SE0015;1031
6068;Nelore;FE;07/10/2020;Faz Pedra Bonita;;PROTON;SE0036;1409
6069;Nelore;FE;06/10/2020;Faz Pedra Bonita;;GANGES COL;SE0015;1030
6072;Nelore;FE;07/10/2020;Faz Pedra Bonita;;PROTON;SE0036;1432
6074;Nelore;FE;05/10/2020;Faz Pedra Bonita;;PROTON;SE0036;3844
6076;Nelore;FE;08/10/2020;Faz. Casa Blanca;;IMPERIO;SE0035;2162
6077;Nelore;FE;08/10/2020;Faz Pedra Bonita;;IMPERIO;SE0035;2475
6080;Nelore;FE;09/10/2020;Faz Santa Helena;;PROTON;SE0036;1392
6081;Nelore;FE;09/10/2020;Faz Pedra Bonita;;PROTON;SE0036;1354
6082;Nelore;FE;09/10/2020;Faz Pedra Bonita;;PROTON;SE0036;1381
6084;Nelore;FE;10/10/2020;Faz Pedra Bonita;;IMPERIO;SE0035;2286
6422;Nelore;FE;01/10/2020;Faz Pedra Bonita;;PROTON;SE0036;744
6423;Senepol;FE;01/10/2020;Faz Santa Helena;;DEXTER BELVALE;SE0037;1808
6427;Nelore;FE;04/10/2020;Faz Pedra Bonita;;PROTON;SE0036;2068
6429;Nelore;FE;04/10/2020;Faz Pedra Bonita;;GANGES COL;SE0015;1830
6435;Nelore;FE;07/10/2020;Faz Pedra Bonita;;GANGES COL;SE0015;1055
6440;Nelore;MA;10/10/2020;Faz Santa Helena;;PROTON;SE0036;A05568
6441;Nelore;FE;10/10/2020;Faz Pedra Bonita;;IMPERIO;SE0035;3220
6442;Nelore;FE;10/10/2020;Faz. Casa Blanca;;IMPERIO;SE0035;3129
6822;Nelore;FE;01/10/2020;Faz Santa Helena;;MATUPA;SE0031;1273
6826;Nelore;FE;03/10/2020;Faz. Casa Blanca;;DEXTER BELVALE;SE0037;796
6828;Nelore;FE;04/10/2020;Faz. Casa Blanca;;MATUPA;SE0031;1274
6829;Nelore;FE;06/10/2020;Faz Pedra Bonita;;PINOT;SE0034;1257
6830;Nelore;FE;07/10/2020;Faz Pedra Bonita;;MATUPA;SE0031;639
6832;Nelore;FE;08/10/2020;Faz Santa Helena;;MATUPA;SE0031;779
6833;Nelore;FE;08/10/2020;Faz Pedra Bonita;;PROTON;SE0036;A00509
6824;Nelore;FE;01/10/2020;Faz Pedra Bonita;;MATUPA;SE0031;C00001
6087;Nelore;FE;13/10/2020;Faz Santa Helena;;PROTON;SE0036;1377
6091;Nelore;FE;15/10/2020;Faz Santa Helena;;PROTON;SE0036;3427
6444;Nelore;FE;15/10/2020;Faz Santa Helena;;PROTON;SE0036;1320
6446;Nelore;FE;15/10/2020;Faz Pedra Bonita;;PROTON;SE0036;660
6837;Nelore;FE;15/10/2020;Faz Santa Helena;;MATUPA;SE0031;1285
6436;Nelore;FE;07/10/2020;Faz Santa Helena;;;;719
6447;Nelore;FE;17/10/2020;Faz Pedra Bonita;;IMPERIO;SE0035;A09865
6448;Nelore;FE;18/10/2020;Faz Pedra Bonita;;NERO;SE0033;275
6450;Nelore;MA;18/10/2020;Faz Pedra Bonita;;IMPERIO;SE0035;2039
6457;Nelore;FE;17/10/2020;Faz Santa Helena;;NERO;SE0033;2431
6461;Nelore;FE;14/09/2020;Faz Pedra Bonita;;GANGES COL;SE0015;1104
6840;Nelore;FE;20/10/2020;Faz Pedra Bonita;;;;2210
6841;Nelore;FE;22/10/2020;Faz Pedra Bonita;;MATUPA;SE0031;1060
6842;Nelore;FE;22/10/2020;Faz. Casa Blanca;05/2022 Absorcao;MATUPA;SE0031;1267
6095;Nelore;FE;25/10/2020;Faz. Casa Blanca;;NERO;SE0033;662
6097;Nelore;FE;25/10/2020;Faz Santa Helena;;PARAGUAI;SE0029;1085
6470;Nelore;FE;26/10/2020;Faz Santa Helena;;NERO;SE0033;249
6472;Nelore;FE;26/10/2020;Faz Santa Helena;;PROTON;SE0036;1420
6473;Nelore;FE;26/10/2020;Faz Santa Helena;;NERO;SE0033;2187
6478;Angus;FE;27/10/2020;Faz. Casa Blanca;;PENDULLUM;SE0038;3085
6482;Nelore;FE;28/10/2020;Faz. Casa Blanca;;PROTON;SE0036;1383
6485;Nelore;FE;28/10/2020;Faz Santa Helena;;NERO;SE0033;513
6486;Nelore;FE;28/10/2020;Faz Pedra Bonita;;NERO;SE0033;P00061
6489;Nelore;FE;28/10/2020;Faz. Casa Blanca;;GANGES COL;SE0015;1125
6495;Senepol;FE;28/10/2020;Faz Santa Helena;;DEXTER BELVALE;SE0037;1244
6847;Nelore;FE;27/10/2020;Faz Pedra Bonita;;;;797
6411;Nelore;FE;27/09/2020;Faz Pedra Bonita;;IMPERIO;SE0035;2197
6098;Senepol;FE;25/10/2020;Faz. Casa Blanca;;MEHUM;SE0004;768
6101;Nelore;FE;27/10/2020;Faz Santa Helena;Num  7001 tatuado na orelha esta INCORRETO;NERO;SE0033;795
6107;Nelore;FE;30/10/2020;Faz Pedra Bonita;Num  7007 tatuado na orelha esta INCORRETO;NERO;SE0033;676
6109;Nelore;FE;02/11/2020;Faz Pedra Bonita;;PARAGUAI;SE0029;1051
6110;Nelore;FE;02/11/2020;Faz Santa Helena;;NERO;SE0033;2159
6113;Nelore;MA;03/11/2020;Faz Santa Helena;;NERO;SE0033;356
6115;Nelore;FE;03/11/2020;Faz Santa Helena;;IMPERIO;SE0035;2167
6116;Nelore;FE;04/11/2020;Faz Santa Helena;;PROTON;SE0036;1129
6499;Nelore;MA;01/11/2020;Faz Santa Helena;;NERO;SE0033;599
6500;Nelore;FE;02/11/2020;Faz Santa Helena;;;;C00047
6501;Nelore;FE;02/11/2020;Faz Pedra Bonita;Num do bezerro 6301 na orelha;PROTON;SE0036;1086
6504;Nelore;FE;02/11/2020;Faz Santa Helena;;PROTON;SE0036;1602
6507;Nelore;FE;06/11/2020;Faz Santa Helena;;NERO;SE0033;C00103
6508;Nelore;FE;06/11/2020;Faz Pedra Bonita;;NERO;SE0033;C00008
6511;Senepol;FE;06/11/2020;Faz. Casa Blanca;;DEXTER BELVALE;SE0037;4005
6512;Senepol;FE;08/11/2020;Faz. Casa Blanca;;DEXTER BELVALE;SE0037;3822
6515;Senepol;FE;09/11/2020;Faz Pedra Bonita;;DEXTER BELVALE;SE0037;3086
6516;Nelore;FE;06/11/2020;Faz Santa Helena;;NERO;SE0033;2257
6520;Nelore;FE;09/11/2020;Faz Pedra Bonita;;NERO;SE0033;1606
6527;Nelore;FE;10/11/2020;Faz Santa Helena;;MATUPA;SE0031;1015
6528;Nelore;FE;10/11/2020;Faz. Casa Blanca;;NERO;SE0033;C00071
6529;Nelore;MA;11/11/2020;Faz Santa Helena;;DAKOTA;SE0032;4244
6530;Nelore;FE;11/11/2020;Faz Pedra Bonita;;NERO;SE0033;3262
6531;Angus;FE;11/11/2020;Faz. Casa Blanca;;PENDULLUM;SE0038;3099
6534;Nelore;FE;12/11/2020;Faz Santa Helena;;DAKOTA;SE0032;4216
6535;Nelore;FE;12/11/2020;Faz Santa Helena;;IMPERIO;SE0035;4404
6536;Senepol;MA;12/11/2020;Faz Santa Helena;Animal tem a mao quebrada;DEXTER BELVALE;SE0037;3183
6540;Nelore;FE;12/11/2020;Faz Santa Helena;;NERO;SE0033;1434
6542;Nelore;FE;12/11/2020;Faz Santa Helena;;PROTON;SE0036;1580
6125;Senepol;FE;16/11/2020;Faz. Casa Blanca;;DEXTER BELVALE;SE0037;3523
6127;Senepol;FE;17/11/2020;Faz Santa Helena;;DEXTER BELVALE;SE0037;3520
6129;Senepol;FE;17/11/2020;Faz Santa Helena;;DEXTER BELVALE;SE0037;4057
6130;Angus;FE;19/11/2020;Faz Santa Helena;;DAKOTA;SE0032;4160
6131;Senepol;FE;19/11/2020;Faz Pedra Bonita;;DEXTER BELVALE;SE0037;4002
6543;Senepol;FE;14/11/2020;Faz Santa Helena;;DEXTER BELVALE;SE0037;3835
6544;Nelore;FE;15/11/2020;Faz. Casa Blanca;;NERO;SE0033;3514
6545;Nelore;FE;15/11/2020;Faz Santa Helena;;NERO;SE0033;3078
6546;Nelore;FE;15/11/2020;Faz. Casa Blanca;;NERO;SE0033;3155
6549;Senepol;FE;17/11/2020;Faz Pedra Bonita;;DEXTER BELVALE;SE0037;3828
6550;Senepol;FE;17/11/2020;Faz Santa Helena;;DEXTER BELVALE;SE0037;3212
6553;Nelore;FE;17/11/2020;Faz. Casa Blanca;;IMPERIO;SE0035;A00733
6554;Nelore;FE;18/11/2020;Faz Santa Helena;;PROTON;SE0036;2003
6555;Nelore;FE;18/11/2020;Faz Santa Helena;;IMPERIO;SE0035;2099
6556;Nelore;FE;19/11/2020;Faz Santa Helena;;ROCKHAMPTON AJ;SE0039;2424
6558;Nelore;FE;19/11/2020;Faz Santa Helena;;IMPERIO;SE0035;2131
6560;Nelore;FE;19/11/2020;Faz. Casa Blanca;;NERO;SE0033;3503
6561;Nelore;FE;19/11/2020;Faz Santa Helena;;PROTON;SE0036;1353
6566;Nelore;FE;23/11/2020;Faz. Casa Blanca;Perna quebrada;Duque;SE0042;3203
6571;Nelore;FE;25/11/2020;Faz Santa Helena;;PROTON;SE0036;805
6576;Nelore;FE;26/11/2020;Faz Santa Helena;;Duque;SE0042;A00613
6577;Nelore;FE;26/11/2020;Faz Santa Helena;;Duque;SE0042;560
6578;Nelore;FE;26/11/2020;Faz Santa Helena;;PROTON;SE0036;577
6468;Nelore;FE;23/10/2020;Faz Pedra Bonita;;NERO;SE0033;2098
6135;Nelore;FE;25/11/2020;Faz Santa Helena;;DAKOTA;SE0032;4101
6138;Nelore;FE;27/11/2020;Faz. Casa Blanca;;GANGES COL;SE0015;606
6139;Nelore;FE;28/11/2020;Faz. Casa Blanca;;DAKOTA;SE0032;4033
6140;Senepol;FE;28/11/2020;Faz Pedra Bonita;;DEXTER BELVALE;SE0037;2209
6141;Nelore;FE;30/11/2020;Faz Santa Helena;;PROTON;SE0036;2422
6581;Nelore;FE;27/11/2020;Faz Santa Helena;;PROTON;SE0036;1823
6583;Nelore;FE;27/11/2020;Faz. Casa Blanca;;Duque;SE0042;2458
6587;Nelore;FE;28/11/2020;Faz. Casa Blanca;;Duque;SE0042;1363
6588;Nelore;FE;28/11/2020;Faz Santa Helena;;Duque;SE0042;1430
6589;Nelore;FE;29/11/2020;Faz. Casa Blanca;;Duque;SE0042;1365
6591;Nelore;FE;30/11/2020;Faz Santa Helena;;Duque;SE0042;1579
6579;Nelore;FE;26/11/2020;Faz Santa Helena;;;;P00137
6593;Nelore;FE;01/12/2020;Faz. Casa Blanca;;PROTON;SE0036;3804
6596;Nelore;FE;01/12/2020;Faz Santa Helena;;PROTON;SE0036;3818
6601;Nelore;FE;02/12/2020;Faz. Casa Blanca;;Duque;SE0042;2413
6602;Nelore;FE;03/12/2020;Faz Santa Helena;;Duque;SE0042;347
6603;Senepol;FE;04/12/2020;Faz Santa Helena;;DEXTER BELVALE;SE0037;2301
6607;Nelore;FE;07/12/2020;Faz Santa Helena;;Duque;SE0042;1569
6143;Nelore;FE;01/12/2020;Faz Santa Helena;;PROTON;SE0036;2125
6144;Nelore;FE;01/12/2020;Faz Santa Helena;;GANGES COL;SE0015;799
6147;Nelore;FE;02/12/2020;Faz Santa Helena;;PROTON;SE0036;2412
6150;Nelore;FE;08/12/2020;Faz Santa Helena;;PROTON;SE0036;2420
6152;Nelore;FE;11/12/2020;Faz. Casa Blanca;;GANGES COL;SE0015;1262
6155;Nelore;FE;12/12/2020;Faz. Casa Blanca;;GANGES COL;SE0015;1103
6615;Nelore;FE;07/12/2020;Faz Santa Helena;;Duque;SE0042;3077
6613;Nelore;FE;08/12/2020;Faz Santa Helena;;PROTON;SE0036;1784
6614;Nelore;FE;08/12/2020;Faz Santa Helena;;PROTON;SE0036;3832
6616;Nelore;FE;09/12/2020;Faz Santa Helena;;PROTON;SE0036;1748
6620;Nelore;FE;10/12/2020;Faz Santa Helena;;Duque;SE0042;1610
6610;Red;FE;07/12/2020;Faz Santa Helena;;;;3202
6619;Nelore;FE;10/12/2020;Faz Santa Helena;;;;1631
6157;Nelore;FE;17/12/2020;Faz Santa Helena;;GANGES COL;SE0015;1270
6158;Nelore;FE;18/12/2020;Faz Santa Helena;;PROTON;SE0036;637
6160;Nelore;FE;20/12/2020;Faz Santa Helena;;GANGES COL;SE0015;1139
6161;Nelore;FE;20/12/2020;Faz. Casa Blanca;;GANGES COL;SE0015;1255
6162;Nelore;FE;21/12/2020;Faz. Casa Blanca;;GANGES COL;SE0015;695
6623;Nelore;FE;11/12/2020;Faz Santa Helena;;PROTON;SE0036;1814
6625;Nelore;FE;11/12/2020;Faz. Casa Blanca;;Duque;SE0042;2322
6628;Nelore;FE;15/12/2020;Faz Santa Helena;;PROTON;SE0036;1618
6631;Nelore;FE;14/12/2020;Faz Santa Helena;;Duque;SE0042;1630
6164;Nelore;FE;23/12/2020;Faz Santa Helena;;GANGES COL;SE0015;1112
6165;Nelore;FE;23/12/2020;Faz Santa Helena;;IMPERIO;SE0035;3506
6166;Nelore;FE;23/12/2020;Faz Santa Helena;;GANGES COL;SE0015;1107
6167;Nelore;FE;23/12/2020;Faz Santa Helena;;PROTON;SE0036;2256
6168;Nelore;FE;31/12/2020;Faz. Casa Blanca;;;;2331
6641;Nelore;FE;21/12/2020;Faz. Casa Blanca;;PROTON;SE0036;541
6643;Nelore;FE;23/12/2020;Faz Santa Helena;;PROTON;SE0036;1300
6645;Nelore;FE;24/12/2020;Faz. Casa Blanca;;PROTON;SE0036;P00087
6647;Nelore;FE;25/12/2020;Faz Santa Helena;;PROTON;SE0036;C00094
6648;Nelore;FE;26/12/2020;Faz. Casa Blanca;;PROTON;SE0036;445
6652;Nelore;FE;30/12/2020;Faz. Casa Blanca;;MATUPA;SE0031;1395
6653;Nelore;FE;30/12/2020;Faz Santa Helena;;NERO;SE0033;3813
6656;Nelore;FE;30/12/2020;Faz. Casa Blanca;;PROTON;SE0036;1021
6169;Nelore;FE;01/01/2021;Faz Pedra Bonita;;;;1053
6170;Nelore;FE;01/01/2021;Faz. Casa Blanca;;IMPERIO;SE0035;4103
6657;Nelore;FE;31/12/2020;Faz. Casa Blanca;;NERO;SE0033;1388
6658;Nelore;FE;31/12/2020;Faz Santa Helena;;CAIUA;SE0043;634
6671;Senepol;FE;05/01/2021;Faz Santa Helena;;CAIUA;SE0043;574
6674;Nelore;FE;05/01/2021;Faz Santa Helena;;IMPERIO;SE0035;4229
6676;Nelore;FE;06/01/2021;Faz. Casa Blanca;;;;1596
6679;Nelore;FE;06/01/2021;Faz Santa Helena;;PROTON;SE0036;1415
6682;Nelore;FE;09/01/2021;Faz Santa Helena;;PROTON;SE0036;3063
6683;Nelore;FE;09/01/2021;Faz Santa Helena;;NERO;SE0033;667
6686;Nelore;FE;12/01/2021;Faz. Casa Blanca;;IMPERIO;SE0035;P00518
6688;Nelore;FE;12/01/2021;Faz Santa Helena;;ROCKHAMPTON AJ;SE0039;1829
6689;Nelore;FE;13/01/2021;Faz Santa Helena;;IMPERIO;SE0035;3053
6659;Nelore;FE;02/01/2021;Faz Santa Helena;;PROTON;SE0036;1348
6660;Nelore;FE;02/01/2021;Faz. Casa Blanca;;NERO;SE0033;2211
6662;Nelore;FE;02/01/2021;Faz Santa Helena;;NERO;SE0033;2290
6663;Senepol;FE;02/01/2021;Faz Santa Helena;;CAIUA;SE0043;3028
6664;Senepol;FE;02/01/2021;Faz Santa Helena;;CAIUA;SE0043;3850
6665;Red;FE;02/01/2021;Faz. Casa Blanca;;MATUPA;SE0031;3836
6669;Mestica;FE;05/01/2021;Faz Santa Helena;;MATUPA;SE0031;1239
6175;Nelore;FE;04/01/2021;Faz. Casa Blanca;;DAKOTA;SE0032;4124
6694;Nelore;FE;16/01/2021;Faz. Casa Blanca;;IMPERIO;SE0035;3510
6697;Nelore;FE;17/01/2021;Faz. Casa Blanca;Hemafrodita;IMPERIO;SE0035;1819
6701;Nelore;FE;18/01/2021;Faz Santa Helena;Foi tatuado Num  incorreto 6671;IMPERIO;SE0035;1357
6177;Nelore;FE;18/01/2021;Faz Santa Helena;;IMPERIO;SE0035;4048
6178;Nelore;FE;20/01/2021;Faz. Casa Blanca;;IMPERIO;SE0035;3468
6703;Nelore;FE;20/01/2021;Faz. Casa Blanca;;CAIUA;SE0043;1622
6704;Nelore;FE;20/01/2021;Faz Santa Helena;;;;C00054
6705;Nelore;FE;20/01/2021;Faz Santa Helena;;;;4239
6707;Nelore;FE;21/01/2021;Faz. Casa Blanca;;IMPERIO;SE0035;3245
6180;Nelore;FE;28/01/2021;Faz. Casa Blanca;;;;1040
6182;Nelore;MA;03/02/2021;Faz Santa Helena;;;;2095
6184;Mestica;FE;15/02/2021;Faz Santa Helena;;;;C00087
6850;Mestico;MA;22/02/2021;Faz Santa Helena;;;;1207
6852;Nelore;FE;28/03/2021;Faz. Casa Blanca;;;;699
6185;Mestico;MA;27/03/2021;Faz Santa Helena;;;;820
6187;Mestico;MA;23/04/2021;Faz Santa Helena;;;;990
6186;Mestica;FE;06/04/2021;Faz Santa Helena;;;;821
6720;Mestica;FE;03/05/2021;Faz Santa Helena;;;;2499
6723;Mestica;FE;25/05/2021;Faz. Casa Blanca;;;;1223
6724;Mestica;FE;11/07/2021;Faz Santa Helena;;;;422
7201;Senepol;MA;16/08/2021;Faz Santa Helena;;UMBAU;SE0047;3030
7202;Senepol;FE;17/08/2021;Faz Santa Helena;;UMBAU;SE0047;3046
7203;Senepol;MA;18/08/2021;Faz Santa Helena;;UMBAU;SE0047;3098
7204;Senepol;MA;18/08/2021;Faz Santa Helena;;UMBAU;SE0047;4399
7205;Senepol;MA;20/08/2021;Faz Santa Helena;;UMBAU;SE0047;3176
7207;Senepol;MA;23/08/2021;Faz Santa Helena;;DEXTER BELVALE;SE0037;1221
7208;Senepol;FE;23/08/2021;Faz Santa Helena;;UMBAU;SE0047;2462
7209;Nelore;FE;23/08/2021;Faz Santa Helena;;PENDULLUM;SE0038;744
7210;Senepol;MA;23/08/2021;Faz Santa Helena;;UMBAU;SE0047;3165
7211;Senepol;FE;23/08/2021;Faz Santa Helena;;UMBAU;SE0047;3105
7212;Senepol;FE;24/08/2021;Faz Santa Helena;;UMBAU;SE0047;575
7213;Senepol;MA;24/08/2021;Faz Santa Helena;;UMBAU;SE0047;3231
7214;Nelore;FE;24/08/2021;Faz Santa Helena;;IMPERIO;SE0035;3272
7215;Nelore;FE;24/08/2021;Faz Santa Helena;;NERO;SE0033;1305
7216;Senepol;FE;24/08/2021;Faz Santa Helena;;UMBAU;SE0047;4110
7217;Senepol;FE;25/08/2021;Faz Santa Helena;;UMBAU;SE0047;4157
7219;Senepol;FE;25/08/2021;Faz Santa Helena;;UMBAU;SE0047;1802
7222;Senepol;MA;25/08/2021;Faz Santa Helena;;UMBAU;SE0047;1306
7223;Nelore;FE;25/08/2021;Faz Santa Helena;;TOPAZIO;SE0044;P00504
7221;Senepol;MA;25/08/2021;Faz Santa Helena;;UMBAU;SE0047;3056
7224;Senepol;FE;27/08/2021;Faz Santa Helena;;UMBAU;SE0047;1733
7226;Senepol;MA;29/08/2021;Faz Santa Helena;;DEXTER BELVALE;SE0037;1232
7227;Senepol;FE;29/08/2021;Faz Santa Helena;;UMBAU;SE0047;1219
7228;Senepol;FE;29/08/2021;Faz Santa Helena;;UMBAU;SE0047;1235
7229;Nelore;FE;30/08/2021;Faz Santa Helena;;URUS TUL;SE0049;344
7230;Senepol;FE;30/08/2021;Faz Santa Helena;;UMBAU;SE0047;1805
7231;Senepol;FE;30/08/2021;Faz Santa Helena;;UMBAU;SE0047;1141
7233;Senepol;MA;30/08/2021;Faz Santa Helena;;UMBAU;SE0047;1291
7234;Nelore;MA;30/08/2021;Faz Santa Helena;;PENDULLUM;SE0038;3431
7235;Senepol;FE;30/08/2021;Faz Santa Helena;;UMBAU;SE0047;4167
7236;Senepol;MA;30/08/2021;Faz Santa Helena;;UMBAU;SE0047;4152
7238;Senepol;FE;30/08/2021;Faz Santa Helena;;UMBAU;SE0047;1781
7239;Senepol;FE;30/08/2021;Faz Santa Helena;;UMBAU;SE0047;4168
7240;Nelore;MA;30/08/2021;Faz Santa Helena;;TOPAZIO;SE0044;2263
7241;Nelore;FE;30/08/2021;Faz Santa Helena;;PRO PHELPS;SE0048;1273
7242;Senepol;FE;30/08/2021;Faz Santa Helena;;UMBAU;SE0047;2152
7243;Senepol;MA;30/08/2021;Faz Santa Helena;;UMBAU;SE0047;2250
7200;Senepol;MA;14/08/2021;Faz Santa Helena;;UMBAU;SE0047;3401
7206;Senepol;FE;20/08/2021;Faz Santa Helena;;UMBAU;SE0047;1730
7220;Senepol;MA;25/08/2021;Faz Santa Helena;;UMBAU;SE0047;4177
7225;Senepol;FE;27/08/2021;Faz Santa Helena;;UMBAU;SE0047;1757
7237;Senepol;MA;30/08/2021;Faz Santa Helena;;UMBAU;SE0047;3476
7244;Nelore;FE;31/08/2021;Faz Santa Helena;;NERO;SE0033;4325
7245;Senepol;FE;31/08/2021;Faz Santa Helena;;UMBAU;SE0047;1438
7248;Senepol;FE;31/08/2021;Faz Santa Helena;01/11/2021 Esta sendo criado pela vaca 4277;UMBAU;SE0047;1769
7249;Nelore;MA;31/08/2021;Faz Santa Helena;;NERO;SE0033;4121
7251;Senepol;MA;31/08/2021;Faz Santa Helena;;UMBAU;SE0047;777
7252;Senepol;FE;31/08/2021;Faz Santa Helena;;UMBAU;SE0047;3091
7253;Nelore;FE;01/09/2021;Faz Santa Helena;;TOPAZIO;SE0044;3253
7254;Nelore;FE;01/09/2021;Faz Santa Helena;;URUS TUL;SE0049;1321
7255;Nelore;MA;01/09/2021;Faz Santa Helena;;NERO;SE0033;2074
7256;Nelore;MA;01/09/2021;Faz Santa Helena;;IMPERIO;SE0035;1625
7257;Senepol;MA;01/09/2021;Faz Santa Helena;;UMBAU;SE0047;1808
7260;Nelore;FE;02/09/2021;Faz Santa Helena;;NERO;SE0033;3167
7262;Nelore;FE;02/09/2021;Faz Santa Helena;;NERO;SE0033;4240
7263;Nelore;MA;02/09/2021;Faz Santa Helena;;NERO;SE0033;4273
7264;Nelore;FE;02/09/2021;Faz Santa Helena;Tatuado mae errada (2167);NERO;SE0033;2197
7265;Nelore;FE;02/09/2021;Faz Santa Helena;;NERO;SE0033;3808
7267;Nelore;FE;02/09/2021;Faz Santa Helena;;URUS TUL;SE0049;1336
7266;Nelore;MA;02/09/2021;Faz Santa Helena;;NERO;SE0033;1389
7268;Nelore;FE;02/09/2021;Faz Santa Helena;;IMPERIO;SE0035;1614
7269;Senepol;FE;02/09/2021;Faz Santa Helena;;UMBAU;SE0047;C00093
7270;Nelore;FE;02/09/2021;Faz Santa Helena;;IMPERIO;SE0035;P00529
7271;Nelore;MA;03/09/2021;Faz Santa Helena;;NERO;SE0033;1352
7272;Nelore;FE;03/09/2021;Faz Santa Helena;;NERO;SE0033;1615
7273;Nelore;MA;03/09/2021;Faz Santa Helena;;URUS TUL;SE0049;1331
7274;Nelore;MA;03/09/2021;Faz Santa Helena;;NERO;SE0033;2118
7275;Nelore;FE;03/09/2021;Faz Santa Helena;;;;468
7261;Nelore;MA;02/09/2021;Faz Santa Helena;;JQUEST AJ;SE0045;1786
7258;Nelore;FE;01/09/2021;Faz Santa Helena;;NERO;SE0033;4125
7259;Nelore;FE;01/09/2021;Faz Santa Helena;01/11/21 Esta sendo criado pela vaca 1104 (filha da 4125);NERO;SE0033;4125
7276;Nelore;FE;04/09/2021;Faz Santa Helena;;URUS TUL;SE0049;A03540
7277;Nelore;MA;04/09/2021;Faz Santa Helena;;PRO PHELPS;SE0048;645
7278;Nelore;MA;04/09/2021;Faz Santa Helena;;JQUEST AJ;SE0045;1751
7280;Nelore;MA;04/09/2021;Faz Santa Helena;;URUS TUL;SE0049;1036
7283;Nelore;FE;04/09/2021;Faz Santa Helena;;URUS TUL;SE0049;1616
7282;Senepol;FE;04/09/2021;Faz Santa Helena;;UMBAU;SE0047;772
7284;Nelore;FE;04/09/2021;Faz Santa Helena;;PRO PHELPS;SE0048;806
7285;Nelore;MA;04/09/2021;Faz Santa Helena;01/11/21 esta sendo criado pela vaca 3075;NERO;SE0033;4277
7286;Nelore;MA;05/09/2021;Faz Santa Helena;;NERO;SE0033;3856
7288;Nelore;MA;05/09/2021;Faz Santa Helena;;NERO;SE0033;4217
7289;Nelore;MA;05/09/2021;Faz Santa Helena;;NERO;SE0033;3507
7290;Nelore;MA;05/09/2021;Faz Santa Helena;;JQUEST AJ;SE0045;1745
7291;Nelore;FE;05/09/2021;Faz Santa Helena;;IMPERIO;SE0035;1583
7292;Nelore;FE;06/09/2021;Faz Santa Helena;;NERO;SE0033;2053
7293;Nelore;MA;06/09/2021;Faz Santa Helena;;IMPERIO;SE0035;1591
7294;Nelore;FE;06/09/2021;Faz Santa Helena;;IMPERIO;SE0035;1611
7295;Nelore;FE;06/09/2021;Faz Santa Helena;01/11/21 Rejeitado pela mae 377.  esta sendo criado pela vaca 4204;PRO PHELPS;SE0048;377
7296;Nelore;FE;06/09/2021;Faz Santa Helena;;IMPERIO;SE0035;3044
7297;Nelore;FE;06/09/2021;Faz Santa Helena;;PRO PHELPS;SE0048;1257
7299;Nelore;FE;06/09/2021;Faz Santa Helena;;NERO;SE0033;1588
7300;Nelore;FE;06/09/2021;Faz Santa Helena;;URUS TUL;SE0049;1299
7301;Nelore;FE;06/09/2021;Faz Santa Helena;;NERO;SE0033;3276
7302;Nelore;FE;06/09/2021;Faz Santa Helena;;NERO;SE0033;2077
7303;Nelore;MA;08/09/2021;Faz Santa Helena;;NERO;SE0033;4064
7304;Nelore;FE;08/09/2021;Faz Santa Helena;;JQUEST AJ;SE0045;1747
7305;Nelore;FE;08/09/2021;Faz Santa Helena;;IMPERIO;SE0035;2439
7306;Nelore;FE;08/09/2021;Faz Santa Helena;;NERO;SE0033;3134
7307;Nelore;FE;08/09/2021;Faz Santa Helena;;NERO;SE0033;4286
7308;Nelore;MA;08/09/2021;Faz Santa Helena;;NERO;SE0033;4153
7310;Nelore;MA;08/09/2021;Faz Santa Helena;;JQUEST AJ;SE0045;1827
7312;Nelore;MA;08/09/2021;Faz Santa Helena;;NERO;SE0033;3489
7313;Nelore;MA;08/09/2021;Faz Santa Helena;;IMPERIO;SE0035;3103
7314;Nelore;MA;08/09/2021;Faz Santa Helena;;IMPERIO;SE0035;3127
7298;Nelore;FE;06/09/2021;Faz Santa Helena;;URUS TUL;SE0049;1333
7315;Nelore;FE;08/09/2021;Faz Santa Helena;;PRO PHELPS;SE0048;391
7316;Nelore;FE;09/09/2021;Faz Santa Helena;;PRO PHELPS;SE0048;1356
7317;Nelore;MA;09/09/2021;Faz Santa Helena;;PRO PHELPS;SE0048;1425
7318;Nelore;FE;09/09/2021;Faz Santa Helena;;NERO;SE0033;2252
7319;Nelore;MA;09/09/2021;Faz Santa Helena;;URUS TUL;SE0049;A09843
7320;Nelore;MA;09/09/2021;Faz Santa Helena;;NERO;SE0033;4381
7321;Nelore;FE;10/09/2021;Faz Santa Helena;;NERO;SE0033;1597
7322;Nelore;FE;10/09/2021;Faz Santa Helena;;PRO PHELPS;SE0048;2177
7323;Nelore;FE;10/09/2021;Faz Santa Helena;;PRO PHELPS;SE0048;639
7324;Nelore;FE;10/09/2021;Faz Santa Helena;;IMPERIO;SE0035;2469
7325;Nelore;FE;10/09/2021;Faz Santa Helena;;PROTON;SE0036;1413
7326;Nelore;FE;10/09/2021;Faz Santa Helena;;URUS TUL;SE0049;A09874
7328;Nelore;FE;10/09/2021;Faz Santa Helena;;URUS TUL;SE0049;1332
7331;Nelore;MA;10/09/2021;Faz Santa Helena;;NERO;SE0033;1369
7332;Nelore;FE;10/09/2021;Faz Santa Helena;;JQUEST AJ;SE0045;4600
7333;Nelore;FE;11/09/2021;Faz Santa Helena;;JQUEST AJ;SE0045;1770
7335;Nelore;MA;11/09/2021;Faz Santa Helena;;JQUEST AJ;SE0045;1768
7336;Nelore;FE;11/09/2021;Faz Santa Helena;;JQUEST AJ;SE0045;1812
7337;Nelore;FE;11/09/2021;Faz Santa Helena;;NERO;SE0033;4309
7338;Nelore;MA;11/09/2021;Faz Santa Helena;;NERO;SE0033;3138
7339;Nelore;FE;12/09/2021;Faz Santa Helena;;NERO;SE0033;4097
7340;Nelore;FE;12/09/2021;Faz Santa Helena;;NERO;SE0033;4339
7341;Nelore;FE;12/09/2021;Faz Santa Helena;;NERO;SE0033;4359
7342;Nelore;MA;12/09/2021;Faz Santa Helena;;NERO;SE0033;4132
7343;Nelore;MA;12/09/2021;Faz Santa Helena;;JQUEST AJ;SE0045;1834
7344;Nelore;FE;13/09/2021;Faz Santa Helena;;NERO;SE0033;4337
7346;Nelore;FE;13/09/2021;Faz Santa Helena;;JQUEST AJ;SE0045;1754
7348;Nelore;MA;13/09/2021;Faz Santa Helena;;IMPERIO;SE0035;3434
7349;Nelore;FE;13/09/2021;Faz Santa Helena;;NERO;SE0033;3846
7350;Nelore;FE;13/09/2021;Faz Santa Helena;;IMPERIO;SE0035;3470
7351;Senepol;FE;13/09/2021;Faz Santa Helena;;UMBAU;SE0047;3821
7352;Senepol;MA;13/09/2021;Faz Santa Helena;;UMBAU;SE0047;3830
7354;Nelore;MA;13/09/2021;Faz Santa Helena;;TOPAZIO;SE0044;1320
7355;Nelore;MA;13/09/2021;Faz Santa Helena;;PRO PHELPS;SE0048;1055
7356;Nelore;MA;14/09/2021;Faz Santa Helena;;PROTON;SE0036;1386
7357;Nelore;MA;14/09/2021;Faz Santa Helena;;NERO;SE0033;2260
7358;Nelore;FE;14/09/2021;Faz Santa Helena;;NERO;SE0033;657
7359;Nelore;FE;14/09/2021;Faz Santa Helena;;NERO;SE0033;A00224
7360;Nelore;MA;14/09/2021;Faz Santa Helena;;PRO PHELPS;SE0048;1252
7361;Nelore;FE;14/09/2021;Faz Santa Helena;;NERO;SE0033;P00155
7362;Nelore;MA;14/09/2021;Faz Santa Helena;;JQUEST AJ;SE0045;1750
7363;Nelore;MA;14/09/2021;Faz Santa Helena;;IMPERIO;SE0035;1587
7353;Nelore;FE;13/09/2021;Faz Santa Helena;;URUS TUL;SE0049;1326
7281;Nelore;MA;04/09/2021;Faz Santa Helena;;TOPAZIO;SE0044;3061
7364;Nelore;FE;15/09/2021;Faz Santa Helena;;IMPERIO;SE0035;3234
7365;Nelore;MA;16/09/2021;Faz Santa Helena;;NERO;SE0033;4372
7366;Nelore;FE;16/09/2021;Faz Santa Helena;;JQUEST AJ;SE0045;1833
7367;Nelore;MA;17/09/2021;Faz Santa Helena;;NERO;SE0033;4145
7370;Nelore;FE;17/09/2021;Faz Santa Helena;;PROTON;SE0036;1710
7371;Nelore;MA;17/09/2021;Faz Santa Helena;;JQUEST AJ;SE0045;1775
7372;Senepol;MA;17/09/2021;Faz Santa Helena;;UMBAU;SE0047;4609
7373;Senepol;MA;17/09/2021;Faz Santa Helena;;UMBAU;SE0047;4302
7374;Nelore;FE;17/09/2021;Faz Santa Helena;;PRO PHELPS;SE0048;807
7375;Nelore;MA;17/09/2021;Faz Santa Helena;;PROTON;SE0036;1370
7376;Nelore;MA;17/09/2021;Faz Santa Helena;;PROTON;SE0036;1421
7378;Senepol;FE;18/09/2021;Faz Santa Helena;;UMBAU;SE0047;4362
7379;Nelore;FE;18/09/2021;Faz Santa Helena;;JQUEST AJ;SE0045;1832
7000;Senepol;FE;02/09/2021;Faz Santa Helena;;UMBAU;SE0047;2235
7001;Senepol;FE;02/09/2021;Faz Santa Helena;;UMBAU;SE0047;3455
7003;Senepol;FE;09/09/2021;Faz Santa Helena;;UMBAU;SE0047;1575
7002;Senepol;FE;03/09/2021;Faz Santa Helena;;UMBAU;SE0047;4003
7004;Mestico;MA;10/09/2021;Faz Santa Helena;;;;823
7005;Senepol;FE;10/09/2021;Faz Santa Helena;;UMBAU;SE0047;3801
7006;Senepol;FE;11/09/2021;Faz Santa Helena;;UMBAU;SE0047;3824
7007;Nelore;FE;12/09/2021;Faz Santa Helena;;URUS TUL;SE0049;1118
7008;Senepol;FE;12/09/2021;Faz Santa Helena;;UMBAU;SE0047;3817
7009;Senepol;FE;12/09/2021;Faz Santa Helena;;UMBAU;SE0047;4427
7010;Senepol;MA;13/09/2021;Faz Santa Helena;;UMBAU;SE0047;3404
7011;Senepol;MA;13/09/2021;Faz Santa Helena;;UMBAU;SE0047;3402
7012;Nelore;MA;14/09/2021;Faz Santa Helena;;TOPAZIO;SE0044;4013
7013;Senepol;FE;14/09/2021;Faz Santa Helena;;UMBAU;SE0047;1250
7016;Senepol;MA;15/09/2021;Faz Santa Helena;;UMBAU;SE0047;4212
7017;Senepol;FE;15/09/2021;Faz Santa Helena;;UMBAU;SE0047;4102
7018;Senepol;MA;16/09/2021;Faz Santa Helena;;UMBAU;SE0047;3829
7019;Senepol;FE;16/09/2021;Faz Santa Helena;;UMBAU;SE0047;480
7020;Nelore;FE;16/09/2021;Faz Santa Helena;;NERO;SE0033;4074
7021;Nelore;FE;16/09/2021;Faz Santa Helena;;INGO;SE0050;1276
7022;Nelore;MA;16/09/2021;Faz Santa Helena;;TOPAZIO;SE0044;1432
7024;Nelore;FE;18/09/2021;Faz Santa Helena;;NERO;SE0033;1407
7023;Nelore;FE;16/09/2021;Faz Santa Helena;;URUS TUL;SE0049;3414
7025;Nelore;MA;19/09/2021;Faz Santa Helena;;URUS TUL;SE0049;1362
7026;Nelore;FE;19/09/2021;Faz Santa Helena;;PRO PHELPS;SE0048;2444
7027;Nelore;FE;19/09/2021;Faz Santa Helena;;TOPAZIO;SE0044;4017
7028;Senepol;MA;19/09/2021;Faz Santa Helena;Esta com 2 numeros de mae na orelha 4078 e 4173 (Correto 4173);UMBAU;SE0047;4173
7030;Nelore;MA;21/09/2021;Faz Santa Helena;;NERO;SE0033;4227
7029;Nelore;FE;20/09/2021;Faz Santa Helena;;NERO;SE0033;1426
7031;Nelore;FE;21/09/2021;Faz Santa Helena;;URUS TUL;SE0049;1105
7032;Nelore;MA;22/09/2021;Faz Santa Helena;;INGO;SE0050;1269
7033;Nelore;MA;22/09/2021;Faz Santa Helena;;URUS TUL;SE0049;1350
7035;Nelore;FE;22/09/2021;Faz Santa Helena;;URUS TUL;SE0049;3084
7036;Nelore;FE;23/09/2021;Faz Santa Helena;;INGO;SE0050;1044
7037;Nelore;FE;23/09/2021;Faz Santa Helena;;INGO;SE0050;1047
7038;Nelore;FE;23/09/2021;Faz Santa Helena;;PRO PHELPS;SE0048;469
7039;Nelore;FE;23/09/2021;Faz Santa Helena;;NERO;SE0033;4352
7040;Nelore;MA;23/09/2021;Faz Santa Helena;;PRO PHELPS;SE0048;428
7041;Nelore;MA;23/09/2021;Faz Santa Helena;;NERO;SE0033;4143
7042;Nelore;MA;24/09/2021;Faz Santa Helena;;NERO;SE0033;1409
7043;Nelore;MA;25/09/2021;Faz Santa Helena;;INGO;SE0050;1057
7044;Nelore;FE;25/09/2021;Faz Santa Helena;;URUS TUL;SE0049;3089
7045;Nelore;MA;26/09/2021;Faz Santa Helena;;PRO PHELPS;SE0048;2162
7046;Nelore;MA;26/09/2021;Faz Santa Helena;;URUS TUL;SE0049;3406
7047;Nelore;MA;26/09/2021;Faz Santa Helena;;NERO;SE0033;2475
7380;Senepol;FE;21/09/2021;Faz Santa Helena;;UMBAU;SE0047;1244
7381;Nelore;FE;21/09/2021;Faz Santa Helena;;MONTANHA;SE0046;1280
7382;Nelore;MA;21/09/2021;Faz Santa Helena;;PRO PHELPS;SE0048;A05568
7383;Nelore;MA;22/09/2021;Faz Santa Helena;;PENDULLUM;SE0038;2069
7384;Nelore;MA;22/09/2021;Faz Santa Helena;;NERO;SE0033;C00001
7385;Mestico;MA;22/09/2021;Faz Santa Helena;;;;2075
7386;Nelore;MA;23/09/2021;Faz Santa Helena;;MONTANHA;SE0046;1390
7387;Senepol;MA;23/09/2021;Faz Santa Helena;;UMBAU;SE0047;720
7388;Senepol;MA;24/09/2021;Faz Santa Helena;;UMBAU;SE0047;1771
7389;Senepol;FE;24/09/2021;Faz Santa Helena;;UMBAU;SE0047;1729
7390;Senepol;FE;27/09/2021;Faz Santa Helena;;UMBAU;SE0047;2491
7391;Nelore;MA;27/09/2021;Faz Santa Helena;;URUS TUL;SE0049;3501
7392;Senepol;FE;27/09/2021;Faz Santa Helena;;UMBAU;SE0047;789
7393;Senepol;MA;27/09/2021;Faz Santa Helena;;UMBAU;SE0047;2416
7394;Senepol;FE;27/09/2021;Faz Santa Helena;;UMBAU;SE0047;1735
7395;Nelore;FE;28/09/2021;Faz Santa Helena;;NERO;SE0033;4275
7396;Nelore;MA;29/09/2021;Faz Santa Helena;;NERO;SE0033;4272
7397;Senepol;FE;30/09/2021;Faz Santa Helena;;UMBAU;SE0047;2210
7398;Nelore;MA;30/09/2021;Faz Santa Helena;;;;782
7399;Nelore;MA;30/09/2021;Faz Santa Helena;;PRO PHELPS;SE0048;A00644
7400;Nelore;FE;30/09/2021;Faz Santa Helena;;MONTANHA;SE0046;C00097
7401;Nelore;FE;30/09/2021;Faz Santa Helena;;NERO;SE0033;2180
7402;Nelore;FE;30/09/2021;Faz Santa Helena;;NERO;SE0033;2242
7048;Nelore;MA;27/09/2021;Faz Santa Helena;;PRO PHELPS;SE0048;2286
7049;Nelore;FE;28/09/2021;Faz Santa Helena;;PRO PHELPS;SE0048;A00560
7050;Nelore;MA;28/09/2021;Faz Santa Helena;;TOPAZIO;SE0044;1576
7051;Nelore;MA;28/09/2021;Faz Santa Helena;;NERO;SE0033;4235
7052;Nelore;MA;28/09/2021;Faz Santa Helena;;URUS TUL;SE0049;1327
7053;Nelore;MA;28/09/2021;Faz Santa Helena;;INGO;SE0050;1048
7054;Nelore;FE;29/09/2021;Faz Santa Helena;;URUS TUL;SE0049;1052
7055;Nelore;MA;29/09/2021;Faz Santa Helena;;PRO PHELPS;SE0048;566
7703;Senepol;MA;24/09/2021;Faz Santa Helena;;UMBAU;SE0047;1736
7058;Nelore;FE;01/10/2021;Faz Santa Helena;;URUS TUL;SE0049;1128
7059;Nelore;MA;01/10/2021;Faz Santa Helena;;PRO PHELPS;SE0048;679
7060;Nelore;MA;02/10/2021;Faz Santa Helena;;URUS TUL;SE0049;1084
7057;Nelore;FE;30/09/2021;Faz Santa Helena;;PRO PHELPS;SE0048;465
7061;Nelore;MA;04/10/2021;Faz Santa Helena;;PRO PHELPS;SE0048;467
7062;Nelore;MA;04/10/2021;Faz Santa Helena;;INGO;SE0050;3403
7063;Nelore;FE;05/10/2021;Faz Santa Helena;;PRO PHELPS;SE0048;676
7065;Nelore;MA;07/10/2021;Faz Santa Helena;;PRO PHELPS;SE0048;C00020
7066;Nelore;FE;07/10/2021;Faz Santa Helena;;NERO;SE0033;3447
7067;Nelore;FE;07/10/2021;Faz Santa Helena;;PRO PHELPS;SE0048;1092
7403;Senepol;MA;30/09/2021;Faz Santa Helena;;UMBAU;SE0047;2035
7404;Senepol;FE;01/10/2021;Faz Santa Helena;;;;2195
7405;Nelore;MA;01/10/2021;Faz Santa Helena;;NERO;SE0033;2466
7407;Nelore;FE;02/10/2021;Faz Santa Helena;;PRO PHELPS;SE0048;1420
7408;Nelore;FE;02/10/2021;Faz Santa Helena;;PRO PHELPS;SE0048;1373
7409;Senepol;MA;02/10/2021;Faz Santa Helena;;UMBAU;SE0047;1201
7410;Senepol;MA;02/10/2021;Faz Santa Helena;;UMBAU;SE0047;1201
7406;Senepol;FE;02/10/2021;Faz Santa Helena;;UMBAU;SE0047;2149
7411;Senepol;FE;04/10/2021;Faz. Casa Blanca;;UMBAU;SE0047;1209
7412;Nelore;FE;04/10/2021;Faz Santa Helena;;NERO;SE0033;4181
7413;Nelore;FE;04/10/2021;Faz Santa Helena;;NERO;SE0033;4376
7414;Senepol;MA;05/10/2021;Faz Santa Helena;;UMBAU;SE0047;4171
7415;Nelore;MA;05/10/2021;Faz Santa Helena;;NERO;SE0033;4420
7416;Nelore;MA;05/10/2021;Faz Santa Helena;;NERO;SE0033;4147
7417;Nelore;MA;05/10/2021;Faz Santa Helena;;NERO;SE0033;4365
7418;Nelore;FE;05/10/2021;Faz Santa Helena;;JQUEST AJ;SE0045;1727
7420;Nelore;FE;06/10/2021;Faz Santa Helena;;PRO PHELPS;SE0048;320
7419;Nelore;FE;06/10/2021;Faz Santa Helena;;NERO;SE0033;2187
7421;Nelore;FE;06/10/2021;Faz Santa Helena;;PRO PHELPS;SE0048;563
7422;Nelore;MA;07/10/2021;Faz Santa Helena;;MONTANHA;SE0046;C00047
7423;Nelore;MA;07/10/2021;Faz Santa Helena;;NERO;SE0033;4208
7424;Nelore;FE;07/10/2021;Faz Santa Helena;14/03/2022 Foi transf para SH sem mae. A mae Morreu Esta sem mae;MONTANHA;SE0046;1603
7425;Nelore;MA;07/10/2021;Faz Santa Helena;;PENDULLUM;SE0038;2486
7426;Nelore;FE;08/10/2021;Faz Santa Helena;;PRO PHELPS;SE0048;1125
7427;Senepol;MA;08/10/2021;Faz Santa Helena;;UMBAU;SE0047;1220
7428;Nelore;FE;08/10/2021;Faz Santa Helena;;PRO PHELPS;SE0048;513
7429;Nelore;FE;08/10/2021;Faz Santa Helena;;PRO PHELPS;SE0048;569
7431;Nelore;FE;08/10/2021;Faz Santa Helena;;NERO;SE0033;4416
7433;Nelore;MA;09/10/2021;Faz Santa Helena;;;;668
7434;Nelore;MA;09/10/2021;Faz Santa Helena;;;;2049
7435;Senepol;FE;10/10/2021;Faz Santa Helena;;UMBAU;SE0047;A00567
7436;Nelore;FE;12/10/2021;Faz Santa Helena;;;;2480
7437;Nelore;FE;12/10/2021;Faz Santa Helena;;PRO PHELPS;SE0048;1285
7438;Nelore;MA;12/10/2021;Faz Santa Helena;;PRO PHELPS;SE0048;1314
7439;Nelore;MA;12/10/2021;Faz Santa Helena;;MONTANHA;SE0046;3104
7440;Nelore;FE;12/10/2021;Faz Santa Helena;;INGO;SE0050;1391
7441;Nelore;MA;12/10/2021;Faz Santa Helena;;PRO PHELPS;SE0048;2020
7442;Nelore;MA;13/10/2021;Faz Santa Helena;;TOPAZIO;SE0044;1015
7443;Nelore;FE;13/10/2021;Faz Santa Helena;;PRO PHELPS;SE0048;597
7444;Nelore;FE;13/10/2021;Faz Santa Helena;;NERO;SE0033;2039
7445;Nelore;FE;14/10/2021;Faz Santa Helena;;NERO;SE0033;2430
7446;Nelore;FE;13/10/2021;Faz Santa Helena;;TOPAZIO;SE0044;1310
7447;Nelore;FE;13/10/2021;Faz Santa Helena;;NERO;SE0033;4271
7448;Nelore;MA;13/10/2021;Faz Santa Helena;;NERO;SE0033;4249
7449;Senepol;FE;13/10/2021;Faz Santa Helena;;UMBAU;SE0047;1756
7432;Nelore;MA;09/10/2021;Faz Santa Helena;;NERO;SE0033;4432
7450;Nelore;MA;14/10/2021;Faz Santa Helena;;INGO;SE0050;1297
7451;Nelore;MA;15/10/2021;Faz Santa Helena;;INGO;SE0050;1606
7452;Nelore;MA;15/10/2021;Faz Santa Helena;;PRO PHELPS;SE0048;C00103
7453;Nelore;MA;16/10/2021;Faz Santa Helena;;TOPAZIO;SE0044;1567
7454;Nelore;MA;16/10/2021;Faz Santa Helena;;TOPAZIO;SE0044;1324
7455;Nelore;MA;16/10/2021;Faz Santa Helena;;TOPAZIO;SE0044;1355
7456;Nelore;FE;17/10/2021;Faz Santa Helena;;;;3192
7457;Nelore;MA;18/10/2021;Faz Santa Helena;;TOPAZIO;SE0044;2437
7458;Nelore;MA;19/10/2021;Faz Santa Helena;;JQUEST AJ;SE0045;1287
7460;Senepol;MA;19/10/2021;Faz Santa Helena;;UMBAU;SE0047;1806
7461;Nelore;FE;19/10/2021;Faz Santa Helena;;;;4267
7462;Senepol;FE;20/10/2021;Faz Santa Helena;;UMBAU;SE0047;1783
7463;Senepol;MA;20/10/2021;Faz Santa Helena;;UMBAU;SE0047;1737
7466;Senepol;FE;21/10/2021;Faz Santa Helena;;UMBAU;SE0047;4093
7465;Senepol;FE;21/10/2021;Faz Santa Helena;;UMBAU;SE0047;1773
7467;Nelore;MA;22/10/2021;Faz Santa Helena;;PRO PHELPS;SE0048;C00008
7468;Nelore;FE;22/10/2021;Faz Santa Helena;;NERO;SE0033;2427
7470;Nelore;MA;22/10/2021;Faz Santa Helena;;PRO PHELPS;SE0048;C00071
7471;Nelore;MA;23/10/2021;Faz Santa Helena;;MONTANHA;SE0046;3078
7473;Nelore;FE;23/10/2021;Faz Santa Helena;;MONTANHA;SE0046;C00073
7469;Nelore;FE;22/10/2021;Faz Santa Helena;;IMPERIO;SE0035;2247
7068;Nelore;MA;25/10/2021;Faz Santa Helena;;BOI CB;002113;4141
7069;Senepol;MA;25/10/2021;Faz Santa Helena;;UMBAU;SE0047;2209
7071;Nelore;FE;29/10/2021;Faz Santa Helena;;BOI CB;002113;2304
7474;Senepol;MA;23/10/2021;Faz Santa Helena;;UMBAU;SE0047;4281
7475;Nelore;MA;23/10/2021;Faz Santa Helena;;JQUEST AJ;SE0045;1744
7476;Nelore;MA;23/10/2021;Faz Santa Helena;;TOPAZIO;SE0044;1347
7478;Nelore;FE;24/10/2021;Faz Santa Helena;;NERO;SE0033;4419
7479;Nelore;MA;25/10/2021;Faz Santa Helena;;MONTANHA;SE0046;1626
7480;Nelore;FE;25/10/2021;Faz Santa Helena;;;;442
7481;Nelore;FE;25/10/2021;Faz Santa Helena;;PRO PHELPS;SE0048;1302
7482;Nelore;MA;25/10/2021;Faz Santa Helena;;PRO PHELPS;SE0048;P00091
7483;Nelore;FE;25/10/2021;Faz Santa Helena;;;;1788
7484;Nelore;MA;25/10/2021;Faz Pedra Bonita;;JQUEST AJ;SE0045;653
7486;Nelore;FE;27/10/2021;Faz Santa Helena;;PRO PHELPS;SE0048;A03525
7485;Nelore;FE;26/10/2021;Faz Santa Helena;;NERO;SE0033;3115
7073;Nelore;FE;31/10/2021;Faz Santa Helena;;TOPAZIO;SE0044;4021
7075;Nelore;FE;31/10/2021;Faz Santa Helena;;INGO;SE0050;3413
7072;Nelore;FE;30/10/2021;Faz Santa Helena;;BOI CB;002113;4307
7488;Senepol;MA;28/10/2021;Faz Santa Helena;;UMBAU;SE0047;3185
7077;Nelore;MA;01/11/2021;Faz Santa Helena;;NERO;SE0033;4120
7076;Nelore;MA;01/11/2021;Faz Santa Helena;;INGO;SE0050;1381
7078;Nelore;MA;02/11/2021;Faz Santa Helena;;INGO;SE0050;492
7080;Nelore;FE;03/11/2021;Faz Santa Helena;;PRO PHELPS;SE0048;2125
7081;Nelore;MA;03/11/2021;Faz Santa Helena;;PRO PHELPS;SE0048;534
7082;Nelore;FE;03/11/2021;Faz Santa Helena;;NERO;SE0033;4040
7083;Nelore;MA;03/11/2021;Faz Santa Helena;;NERO;SE0033;3505
7084;Nelore;MA;03/11/2021;Faz Santa Helena;;NERO;SE0033;4224
7085;Nelore;FE;03/11/2021;Faz Santa Helena;;NERO;SE0033;4316
7086;Nelore;FE;04/11/2021;Faz Santa Helena;;INGO;SE0050;1109
7087;Nelore;FE;04/11/2021;Faz Santa Helena;;NERO;SE0033;4039
7088;Nelore;MA;04/11/2021;Faz Santa Helena;;PRO PHELPS;SE0048;412
7089;Nelore;MA;05/11/2021;Faz Santa Helena;;INGO;SE0050;2094
7090;Nelore;FE;05/11/2021;Faz Santa Helena;;NERO;SE0033;3453
7091;Nelore;MA;05/11/2021;Faz Santa Helena;;INGO;SE0050;1377
7092;Nelore;FE;05/11/2021;Faz Santa Helena;;TOPAZIO;SE0044;4067
7093;Nelore;MA;05/11/2021;Faz Santa Helena;;NERO;SE0033;4280
7095;Nelore;MA;06/11/2021;Faz Santa Helena;;NERO;SE0033;4101
7094;Nelore;FE;06/11/2021;Faz Santa Helena;;INGO;SE0050;1030
7464;Nelore;FE;20/10/2021;Faz Santa Helena;;;;3196
7489;Nelore;FE;29/10/2021;Faz Santa Helena;;;;1267
7490;Nelore;MA;30/10/2021;Faz Santa Helena;;JQUEST AJ;SE0045;1817
7491;Nelore;MA;30/10/2021;Faz Santa Helena;;NERO;SE0033;4123
7492;Nelore;MA;31/10/2021;Faz Santa Helena;;NERO;SE0033;4119
7493;Senepol;MA;01/11/2021;Faz Santa Helena;;UMBAU;SE0047;2301
7494;Nelore;MA;01/11/2021;Faz Santa Helena;;NERO;SE0033;4298
7495;Nelore;MA;01/11/2021;Faz Santa Helena;;MONTANHA;SE0046;3825
7496;Nelore;FE;01/11/2021;Faz Santa Helena;;URUS TUL;SE0049;2115
7498;Nelore;MA;04/11/2021;Faz Santa Helena;;;;137
7499;Nelore;MA;04/11/2021;Faz Santa Helena;;PRO PHELPS;SE0048;577
7500;Nelore;MA;04/11/2021;Faz Santa Helena;;;;2237
7501;Nelore;MA;04/11/2021;Faz Santa Helena;;;;1256
7502;Nelore;MA;05/11/2021;Faz Santa Helena;;;;1387
7503;Nelore;MA;05/11/2021;Faz Santa Helena;;URUS TUL;SE0049;1353
7504;Nelore;MA;05/11/2021;Faz Santa Helena;;URUS TUL;SE0049;1435
7505;Nelore;MA;05/11/2021;Faz Santa Helena;;INGO;SE0050;3520
7497;Nelore;MA;01/11/2021;Faz Santa Helena;;;;3236
7334;Nelore;MA;11/09/2021;Faz Santa Helena;;JQUEST AJ;SE0045;1725
7506;Nelore;FE;12/11/2021;Faz Santa Helena;;;;1815
7507;Senepol;MA;12/11/2021;Faz Santa Helena;;;;1731
7510;Nelore;MA;12/11/2021;Faz Santa Helena;;INGO;SE0050;2274
7512;Nelore;FE;12/11/2021;Faz Santa Helena;;URUS TUL;SE0049;1358
7513;Nelore;MA;12/11/2021;Faz Santa Helena;;;;C00069
7514;Nelore;FE;12/11/2021;Faz Santa Helena;;;;605
7516;Nelore;FE;13/11/2021;Faz Santa Helena;;;;C00058
7515;Nelore;FE;13/11/2021;Faz Santa Helena;;;;2503
7517;Nelore;FE;13/11/2021;Faz Santa Helena;;INGO;SE0050;275
7518;Nelore;FE;14/11/2021;Faz Santa Helena;;URUS TUL;SE0049;1258
7519;Nelore;MA;14/11/2021;Faz Santa Helena;;MONTANHA;SE0046;4321
7520;Nelore;FE;14/11/2021;Faz Santa Helena;;JQUEST AJ;SE0045;4348
7521;Nelore;MA;14/11/2021;Faz Santa Helena;;;;4396
7522;Nelore;FE;15/11/2021;Faz Santa Helena;;INGO;SE0050;2279
7523;Nelore;MA;15/11/2021;Faz Santa Helena;;INGO;SE0050;619
7524;Nelore;MA;15/11/2021;Faz Santa Helena;;MONTANHA;SE0046;3052
7525;Nelore;FE;15/11/2021;Faz Santa Helena;;INGO;SE0050;1599
7526;Senepol;MA;16/11/2021;Faz Santa Helena;;UMBAU;SE0047;2216
7527;Nelore;MA;16/11/2021;Faz Santa Helena;;;;1283
7528;Nelore;FE;16/11/2021;Faz Santa Helena;;INGO;SE0050;1275
7529;Nelore;FE;16/11/2021;Faz Santa Helena;;JQUEST AJ;SE0045;4180
7530;Nelore;FE;17/11/2021;Faz Santa Helena;;JQUEST AJ;SE0045;4610
7531;Nelore;FE;17/11/2021;Faz Santa Helena;;NERO;SE0033;4220
7532;Nelore;FE;17/11/2021;Faz Santa Helena;;;;443
7533;Senepol;FE;17/11/2021;Faz Santa Helena;;UMBAU;SE0047;3813
7097;Nelore;MA;08/11/2021;Faz Santa Helena;;NERO;SE0033;4029
7098;Nelore;FE;08/11/2021;Faz Santa Helena;;INGO;SE0050;1281
7099;Nelore;MA;08/11/2021;Faz Santa Helena;;PRO PHELPS;SE0048;1051
7101;Nelore;MA;11/11/2021;Faz Santa Helena;;PRO PHELPS;SE0048;1290
7102;Nelore;MA;11/11/2021;Faz Santa Helena;;PRO PHELPS;SE0048;799
7103;Nelore;MA;12/11/2021;Faz Santa Helena;;NERO;SE0033;4111
7104;Nelore;FE;12/11/2021;Faz Santa Helena;;;;C00019
7105;Senepol;MA;13/11/2021;Faz Santa Helena;;UMBAU;SE0047;1253
7106;Nelore;MA;14/11/2021;Faz Santa Helena;;PRO PHELPS;SE0048;1080
7107;Nelore;MA;16/11/2021;Faz Santa Helena;;INGO;SE0050;463
7108;Nelore;FE;16/11/2021;Faz Santa Helena;;PRO PHELPS;SE0048;727
7109;Nelore;FE;16/11/2021;Faz Santa Helena;;PRO PHELPS;SE0048;356
7110;Nelore;MA;16/11/2021;Faz Santa Helena;;URUS TUL;SE0049;1085
7111;Nelore;MA;18/11/2021;Faz Santa Helena;;INGO;SE0050;1061
7112;Nelore;FE;19/11/2021;Faz Santa Helena;;;;3430
7113;Nelore;FE;20/11/2021;Faz Santa Helena;;INGO;SE0050;637
7114;Nelore;FE;20/11/2021;Faz Santa Helena;;INGO;SE0050;2167
7100;Nelore;MA;09/11/2021;Faz Santa Helena;;PRO PHELPS;SE0048;606
7534;Nelore;FE;17/11/2021;Faz Santa Helena;;;;3048
7535;Nelore;MA;18/11/2021;Faz Santa Helena;;;;1338
7536;Nelore;FE;18/11/2021;Faz Santa Helena;;INGO;SE0050;1294
7537;Nelore;FE;19/11/2021;Faz Santa Helena;;CAXAMBU;SE0051;3018
7538;Nelore;FE;19/11/2021;Faz Santa Helena;;;;2550
7539;Nelore;FE;19/11/2021;Faz Santa Helena;;CAXAMBU;SE0051;4380
7540;Nelore;FE;19/11/2021;Faz Santa Helena;;NERO;SE0033;4122
7541;Nelore;MA;20/11/2021;Faz Santa Helena;;;;750
7542;Nelore;FE;21/11/2021;Faz Santa Helena;;INGO;SE0050;2159
7543;Nelore;MA;21/11/2021;Faz Santa Helena;;URUS TUL;SE0049;1412
7544;Nelore;FE;22/11/2021;Faz Santa Helena;;URUS TUL;SE0049;3848
7545;Nelore;FE;22/11/2021;Faz Santa Helena;;NERO;SE0033;1842
7115;Nelore;FE;24/11/2021;Faz Santa Helena;;NERO;SE0033;4068
7116;Nelore;MA;24/11/2021;Faz Santa Helena;;PRO PHELPS;SE0048;795
7117;Nelore;FE;24/11/2021;Faz Santa Helena;;INGO;SE0050;4054
7118;Nelore;FE;28/11/2021;Faz Santa Helena;;;;3809
7547;Nelore;MA;24/11/2021;Faz Santa Helena;;MONTANHA;SE0046;4435
7548;Nelore;MA;24/11/2021;Faz Santa Helena;;JQUEST AJ;SE0045;1247
7549;Nelore;FE;24/11/2021;Faz Santa Helena;;PRO PHELPS;SE0048;3062
7550;Nelore;FE;24/11/2021;Faz Santa Helena;;INGO;SE0050;445
7551;Nelore;MA;24/11/2021;Faz Santa Helena;;;;1091
7552;Nelore;FE;26/11/2021;Faz Santa Helena;;;;1019
7553;Nelore;MA;26/11/2021;Faz Santa Helena;;NERO;SE0033;4144
7554;Nelore;FE;26/11/2021;Faz Santa Helena;;;;1261
7555;Nelore;FE;26/11/2021;Faz Santa Helena;;;;2124
7557;Nelore;FE;26/11/2021;Faz Santa Helena;;;;A05454
7558;Nelore;MA;27/11/2021;Faz Santa Helena;;URUS TUL;SE0049;1595
7559;Nelore;FE;27/11/2021;Faz Santa Helena;;PRO PHELPS;SE0048;3099
7560;Nelore;MA;28/11/2021;Faz Santa Helena;;INGO;SE0050;2257
7561;Nelore;FE;28/11/2021;Faz Santa Helena;;CAXAMBU;SE0051;3013
7562;Nelore;MA;28/11/2021;Faz Santa Helena;;INGO;SE0050;1005
7564;Nelore;MA;28/11/2021;Faz Santa Helena;;JQUEST AJ;SE0045;4282
7014;Nelore;FE;15/09/2021;Faz Santa Helena;;PRO PHELPS;SE0048;803
7015;Nelore;MA;15/09/2021;Faz Santa Helena;;URUS TUL;SE0049;1259
7565;Nelore;FE;29/11/2021;Faz Santa Helena;;INGO;SE0050;3217
7568;Nelore;FE;30/11/2021;Faz Santa Helena;;NERO;SE0033;4098
7569;Nelore;FE;30/11/2021;Faz Santa Helena;;PRO PHELPS;SE0048;1318
7566;Senepol;MA;29/11/2021;Faz Santa Helena;;UMBAU;SE0047;1395
7567;Nelore;MA;30/11/2021;Faz Santa Helena;;;;432
7704;Nelore;FE;10/11/2021;Faz Santa Helena;;JQUEST AJ;SE0045;4104
7570;Nelore;FE;02/12/2021;Faz Santa Helena;;PRO PHELPS;SE0048;1296
7571;Nelore;MA;02/12/2021;Faz Santa Helena;;PRO PHELPS;SE0048;266
7573;Nelore;MA;03/12/2021;Faz Santa Helena;;PRO PHELPS;SE0048;1319
7574;Nelore;MA;04/12/2021;Faz Santa Helena;;NERO;SE0033;1335
7575;Nelore;FE;04/12/2021;Faz Santa Helena;;PRO PHELPS;SE0048;P00109
7576;Nelore;MA;04/12/2021;Faz Santa Helena;;;;2097
7577;Nelore;MA;05/12/2021;Faz Santa Helena;;PRO PHELPS;SE0048;C00074
7578;Nelore;MA;05/12/2021;Faz Santa Helena;;PRO PHELPS;SE0048;2291
7579;Nelore;FE;06/12/2021;Faz Santa Helena;;NERO;SE0033;2108
7580;Nelore;MA;06/12/2021;Faz Santa Helena;;PRO PHELPS;SE0048;2199
7581;Nelore;MA;06/12/2021;Faz Santa Helena;;URUS TUL;SE0049;A06218
7582;Nelore;MA;06/12/2021;Faz Santa Helena;;URUS TUL;SE0049;1341
7584;Nelore;MA;07/12/2021;Faz Santa Helena;;PRO PHELPS;SE0048;1830
7585;Nelore;FE;07/12/2021;Faz Santa Helena;;NERO;SE0033;1573
7583;Nelore;FE;07/12/2021;Faz Santa Helena;;;;C00107
7586;Nelore;MA;07/12/2021;Faz Santa Helena;;CAXAMBU;SE0051;3022
7587;Nelore;MA;07/12/2021;Faz Santa Helena;;NERO;SE0033;1325
7119;Nelore;MA;06/12/2021;Faz Santa Helena;;INGO;SE0050;1255
7121;Nelore;FE;08/12/2021;Faz Santa Helena;;INGO;SE0050;368
7122;Nelore;FE;11/12/2021;Faz Santa Helena;;INGO;SE0050;695
7123;Nelore;FE;15/12/2021;Faz Santa Helena;;NERO;SE0033;4142
7124;Nelore;MA;18/12/2021;Faz Santa Helena;;PRO PHELPS;SE0048;1031
7588;Nelore;FE;10/12/2021;Faz Santa Helena;;;;1316
7589;Nelore;MA;10/12/2021;Faz Santa Helena;;PRO PHELPS;SE0048;1304
7590;Nelore;MA;10/12/2021;Faz Santa Helena;;;;AA0732
7591;Nelore;MA;10/12/2021;Faz Santa Helena;;URUS TUL;SE0049;2211
7592;Nelore;FE;10/12/2021;Faz Santa Helena;;CAXAMBU;SE0051;4389
7593;Nelore;MA;11/12/2021;Faz Santa Helena;;URUS TUL;SE0049;1429
7594;Nelore;FE;12/12/2021;Faz Santa Helena;;PRO PHELPS;SE0048;1021
7595;Nelore;MA;12/12/2021;Faz Santa Helena;;PRO PHELPS;SE0048;776
7597;Nelore;MA;12/12/2021;Faz Santa Helena;;PRO PHELPS;SE0048;A02952
7598;Nelore;MA;12/12/2021;Faz Santa Helena;;INGO;SE0050;3514
7599;Nelore;FE;12/12/2021;Faz Santa Helena;;PRO PHELPS;SE0048;547
7600;Nelore;MA;13/12/2021;Faz Santa Helena;;INGO;SE0050;3278
7601;Nelore;MA;13/12/2021;Faz Santa Helena;;;;2215
7602;Nelore;MA;14/12/2021;Faz Santa Helena;;INGO;SE0050;P00061
7603;Nelore;MA;15/12/2021;Faz Santa Helena;;PRO PHELPS;SE0048;2436
7604;Nelore;MA;15/12/2021;Faz Santa Helena;;;;1060
7605;Nelore;MA;15/12/2021;Faz Santa Helena;;PRO PHELPS;SE0048;2313
7606;Nelore;MA;17/12/2021;Faz Santa Helena;;MONTANHA;SE0046;1724
7607;Nelore;FE;17/12/2021;Faz Santa Helena;;;;4204
7608;Nelore;FE;17/12/2021;Faz Santa Helena;;;;2046
7609;Nelore;FE;17/12/2021;Faz Santa Helena;;INGO;SE0050;3849
7610;Nelore;FE;18/12/2021;Faz Santa Helena;;IMPERIO;SE0035;1804
7611;Nelore;MA;18/12/2021;Faz Santa Helena;;;;4156
7612;Nelore;FE;18/12/2021;Faz Santa Helena;;PRO PHELPS;SE0048;A09858
7129;Nelore;MA;25/12/2021;Faz Santa Helena;;INGO;SE0050;2136
7125;Nelore;MA;21/12/2021;Faz Santa Helena;;PRO PHELPS;SE0048;1107
7126;Nelore;FE;21/12/2021;Faz Santa Helena;;INGO;SE0050;449
7127;Nelore;FE;22/12/2021;Faz Santa Helena;;NERO;SE0033;1424
7128;Nelore;FE;24/12/2021;Faz Santa Helena;;PRO PHELPS;SE0048;1436
7613;Nelore;MA;19/12/2021;Faz Santa Helena;;;;3427
7614;Nelore;MA;20/12/2021;Faz Santa Helena;;PRO PHELPS;SE0048;1368
7615;Nelore;MA;20/12/2021;Faz Santa Helena;;;;1337
7616;Nelore;MA;20/12/2021;Faz Santa Helena;;IMPERIO;SE0035;1722
7617;Nelore;FE;20/12/2021;Faz Santa Helena;;PRO PHELPS;SE0048;2458
7618;Nelore;FE;21/12/2021;Faz Santa Helena;;;;1793
7619;Nelore;MA;21/12/2021;Faz Santa Helena;;PRO PHELPS;SE0048;660
7620;Nelore;MA;22/12/2021;Faz Santa Helena;;PRO PHELPS;SE0048;652
7621;Nelore;FE;22/12/2021;Faz Santa Helena;;PRO PHELPS;SE0048;2099
7622;Nelore;MA;23/12/2021;Faz Santa Helena;;PRO PHELPS;SE0048;327
7623;Nelore;MA;23/12/2021;Faz Santa Helena;;NERO;SE0033;3442
7624;Nelore;FE;24/12/2021;Faz Santa Helena;;NERO;SE0033;3077
7625;Nelore;FE;24/12/2021;Faz Santa Helena;;PRO PHELPS;SE0048;3220
7626;Nelore;MA;24/12/2021;Faz Santa Helena;;INGO;SE0050;A00613
7627;Nelore;MA;24/12/2021;Faz Santa Helena;;PRO PHELPS;SE0048;1295
7628;Nelore;FE;24/12/2021;Faz Santa Helena;;INGO;SE0050;3503
7629;Nelore;FE;24/12/2021;Faz Santa Helena;;PRO PHELPS;SE0048;667
7630;Nelore;MA;25/12/2021;Faz Santa Helena;;NERO;SE0033;2323
7631;Nelore;MA;25/12/2021;Faz Santa Helena;;NERO;SE0033;1392
7632;Nelore;MA;25/12/2021;Faz Santa Helena;;PRO PHELPS;SE0048;1579
7633;Nelore;MA;26/12/2021;Faz Santa Helena;;PRO PHELPS;SE0048;1328
7634;Nelore;FE;26/12/2021;Faz Santa Helena;;INGO;SE0050;560
7635;Nelore;MA;27/12/2021;Faz Santa Helena;;;;1629
7636;Nelore;MA;27/12/2021;Faz Santa Helena;;;;1601
7637;Nelore;MA;28/12/2021;Faz Santa Helena;;PRO PHELPS;SE0048;2322
7638;Nelore;MA;28/12/2021;Faz Santa Helena;;;;632
7639;Nelore;MA;28/12/2021;Faz Santa Helena;;;;1619
7640;Nelore;FE;29/12/2021;Faz Santa Helena;;NERO;SE0033;4209
7641;Nelore;MA;29/12/2021;Faz Santa Helena;;;;3111
7705;Nelore;MA;07/12/2021;Faz Santa Helena;;;;4175
7706;Nelore;MA;11/12/2021;Faz Santa Helena;;;;1779
7708;Nelore;MA;18/12/2021;Faz Santa Helena;;IMPERIO;SE0035;1774
7709;Nelore;FE;24/12/2021;Faz Santa Helena;;;;4176
7710;Nelore;MA;26/12/2021;Faz Santa Helena;;;;1787
7711;Senepol;FE;27/12/2021;Faz Santa Helena;;;;1795
7130;Nelore;MA;29/12/2021;Faz Santa Helena;;;;1112
7131;Nelore;FE;04/01/2022;Faz Santa Helena;;INGO;SE0050;409
7642;Nelore;MA;02/01/2022;Faz Santa Helena;;PRO PHELPS;SE0048;3228
7643;Nelore;FE;02/01/2022;Faz Santa Helena;;;;A02937
7644;Nelore;MA;02/01/2022;Faz Santa Helena;;NERO;SE0033;3245
7645;Nelore;FE;02/01/2022;Faz Santa Helena;;NERO;SE0033;3229
7647;Nelore;FE;04/01/2022;Faz Santa Helena;;PRO PHELPS;SE0048;1364
7648;Nelore;MA;04/01/2022;Faz Santa Helena;;;;1618
7649;Nelore;MA;05/01/2022;Faz Santa Helena;;PRO PHELPS;SE0048;P00137
7132;Nelore;MA;06/01/2022;Faz Santa Helena;;;;1102
7133;Nelore;MA;09/01/2022;Faz Santa Helena;;;;1139
7134;Senepol;MA;10/01/2022;Faz Santa Helena;;;;4290
7135;Nelore;MA;11/01/2022;Faz Santa Helena;;PRO PHELPS;SE0048;3148
7136;Nelore;FE;13/01/2022;Faz Santa Helena;;;;1108
7650;Nelore;FE;06/01/2022;Faz Santa Helena;;PRO PHELPS;SE0048;1622
7651;Nelore;MA;07/01/2022;Faz Santa Helena;;URUS TUL;SE0049;2098
7653;Nelore;MA;07/01/2022;Faz Santa Helena;;;;2262
7654;Nelore;MA;07/01/2022;Faz Santa Helena;;PRO PHELPS;SE0048;C00054
7656;Nelore;MA;08/01/2022;Faz Santa Helena;;URUS TUL;SE0049;2325
7657;Nelore;FE;10/01/2022;Faz Santa Helena;;;;1818
7658;Nelore;FE;10/01/2022;Faz Santa Helena;;URUS TUL;SE0049;541
7659;Nelore;MA;12/01/2022;Faz Santa Helena;;URUS TUL;SE0049;3125
7660;Nelore;FE;12/01/2022;Faz Santa Helena;;PRO PHELPS;SE0048;1348
7661;Nelore;FE;13/01/2022;Faz Santa Helena;;URUS TUL;SE0049;1434
7662;Nelore;FE;14/01/2022;Faz Santa Helena;;PRO PHELPS;SE0048;1374
7663;Nelore;FE;17/01/2022;Faz Santa Helena;;;;1375
7664;Nelore;FE;17/01/2022;Faz Santa Helena;;;;1263
7665;Nelore;FE;18/01/2022;Faz Santa Helena;;PRO PHELPS;SE0048;1816
7666;Nelore;FE;18/01/2022;Faz Santa Helena;;URUS TUL;SE0049;543
7667;Nelore;MA;21/01/2022;Faz Santa Helena;;;;3843
7668;Nelore;FE;21/01/2022;Faz Santa Helena;;URUS TUL;SE0049;2296
7669;Nelore;MA;21/01/2022;Faz Santa Helena;;PRO PHELPS;SE0048;3446
7670;Nelore;MA;23/01/2022;Faz Santa Helena;;;;A00733
7137;Nelore;FE;14/01/2022;Faz Santa Helena;;;;1138
7138;Nelore;FE;15/01/2022;Faz Santa Helena;;;;1066
7672;Nelore;MA;25/01/2022;Faz Santa Helena;;PRO PHELPS;SE0048;1293
7671;Nelore;FE;24/01/2022;Faz Santa Helena;;;;4251
7646;Nelore;FE;03/01/2022;Faz Santa Helena;;;;2400
7712;Senepol;FE;02/01/2022;Faz Santa Helena;;;;4071
7713;Nelore;FE;02/01/2022;Faz Santa Helena;;MONTANHA;SE0046;1836
7714;Nelore;MA;08/01/2022;Faz Santa Helena;;CAXAMBU;SE0051;4091
7715;Nelore;MA;08/01/2022;Faz Santa Helena;;MONTANHA;SE0046;4170
7716;Nelore;FE;19/01/2022;Faz Santa Helena;;;;4343
7673;Nelore;FE;30/01/2022;Faz Santa Helena;;PRO PHELPS;SE0048;3274
7674;Nelore;MA;31/01/2022;Faz Santa Helena;;PRO PHELPS;SE0048;3155
7139;Mestico;MA;31/01/2022;Faz. Casa Blanca;;;;C00087
7717;Senepol;MA;18/02/2022;Faz Santa Helena;;UMBAU;SE0047;5053
7718;Nelore;MA;21/02/2022;Faz Santa Helena;;CAXAMBU;SE0051;5018
7719;Senepol;FE;22/02/2022;Faz Santa Helena;;UMBAU;SE0047;4611
7720;Senepol;FE;23/02/2022;Faz Santa Helena;;UMBAU;SE0047;4184
7721;Senepol;FE;23/02/2022;Faz Santa Helena;;UMBAU;SE0047;4115
7722;Nelore;FE;24/02/2022;Faz Santa Helena;;TOPAZIO;SE0044;5398
7723;Nelore;FE;27/02/2022;Faz Santa Helena;;MONTANHA;SE0046;5013
7724;Nelore;MA;27/02/2022;Faz Santa Helena;;NERO;SE0033;5097
7725;Nelore;FE;27/02/2022;Faz Santa Helena;;TOPAZIO;SE0044;5111
7726;Nelore;FE;27/02/2022;Faz Santa Helena;;CAXAMBU;SE0051;5333
7727;Nelore;MA;27/02/2022;Faz Santa Helena;;NERO;SE0033;5217
7728;Nelore;FE;27/02/2022;Faz Santa Helena;;TOPAZIO;SE0044;5002
7730;Nelore;FE;28/02/2022;Faz Santa Helena;;TOPAZIO;SE0044;5274
7731;Senepol;MA;28/02/2022;Faz Santa Helena;;UMBAU;SE0047;4188
7732;Nelore;FE;28/02/2022;Faz Santa Helena;Criada pela vaca 5043 (Filho da vaca 5005);NERO;SE0033;5005
7729;Nelore;FE;02/02/2022;Faz Santa Helena;;TOPAZIO;SE0044;5032
7733;Nelore;MA;01/03/2022;Faz Santa Helena;;CAXAMBU;SE0051;5277
7734;Nelore;FE;01/03/2022;Faz Santa Helena;;MONTANHA;SE0046;5400
7735;Nelore;MA;01/03/2022;Faz Santa Helena;;CAXAMBU;SE0051;5248
7737;Nelore;FE;03/03/2022;Faz Santa Helena;;CAXAMBU;SE0051;5229
7738;Nelore;MA;03/03/2022;Faz Santa Helena;;CAXAMBU;SE0051;5247
7739;Nelore;FE;03/03/2022;Faz Santa Helena;;NERO;SE0033;5301
7740;Nelore;FE;03/03/2022;Faz Santa Helena;;TOPAZIO;SE0044;5057
7741;Nelore;FE;04/03/2022;Faz Santa Helena;;TOPAZIO;SE0044;5281
7742;Nelore;FE;04/03/2022;Faz Santa Helena;;MONTANHA;SE0046;5313
7743;Nelore;FE;04/03/2022;Faz Santa Helena;;MONTANHA;SE0046;5121
7744;Nelore;MA;05/03/2022;Faz Santa Helena;;MONTANHA;SE0046;5346
7745;Nelore;FE;05/03/2022;Faz Santa Helena;;NERO;SE0033;5027
7746;Nelore;MA;05/03/2022;Faz Santa Helena;;MONTANHA;SE0046;5215
7747;Nelore;FE;06/03/2022;Faz Santa Helena;;NERO;SE0033;5286
7748;Nelore;FE;06/03/2022;Faz Santa Helena;;MONTANHA;SE0046;4187
7556;Nelore;MA;26/11/2021;Faz Santa Helena;;;;A00509
7563;Nelore;MA;28/11/2021;Faz Santa Helena;;INGO;SE0050;509
7675;Nelore;MA;14/03/2022;Faz Pedra Bonita;;;;1330
7749;Nelore;MA;06/03/2022;Faz Santa Helena;;NERO;SE0033;5308
7751;Nelore;MA;07/03/2022;Faz Santa Helena;;MONTANHA;SE0046;5265
7752;Nelore;FE;07/03/2022;Faz Santa Helena;;MONTANHA;SE0046;5292
7754;Nelore;MA;08/03/2022;Faz Santa Helena;;MONTANHA;SE0046;5403
7755;Nelore;MA;10/03/2022;Faz Santa Helena;Nao sabe por qual vaca animal esta senod criado;MONTANHA;SE0046;1839
7756;Nelore;FE;11/03/2022;Faz Santa Helena;;MONTANHA;SE0046;5076
7736;Nelore;FE;12/11/2021;Faz Santa Helena;;;;4072
7508;Nelore;MA;12/11/2021;Faz Santa Helena;;;;1822
7369;Nelore;MA;17/09/2021;Faz Santa Helena;;JQUEST AJ;SE0045;1767
7368;Nelore;MA;17/09/2021;Faz Santa Helena;;JQUEST AJ;SE0045;1721
7509;Nelore;FE;02/03/2022;Faz Santa Helena;;TOPAZIO;SE0044;5072
7750;Senepol;MA;01/04/2022;Faz Santa Helena;;;;4130
7753;Nelore;MA;08/03/2022;Faz Santa Helena;;MONTANHA;SE0046;1732
7676;Mestico;MA;18/05/2022;Faz Pedra Bonita;;;;2208